datetime,SYM_H
2015-08-23 00:00:00,-3
2015-08-23 00:05:00,-2
2015-08-23 00:10:00,-1
2015-08-23 00:15:00,-1
2015-08-23 00:20:00,-1
2015-08-23 00:25:00,0
2015-08-23 00:30:00,0
2015-08-23 00:35:00,0
2015-08-23 00:40:00,0
2015-08-23 00:45:00,0
2015-08-23 00:50:00,0
2015-08-23 00:55:00,-1
2015-08-23 01:00:00,-1
2015-08-23 01:05:00,-2
2015-08-23 01:10:00,-2
2015-08-23 01:15:00,-2
2015-08-23 01:20:00,-2
2015-08-23 01:25:00,-2
2015-08-23 01:30:00,-2
2015-08-23 01:35:00,-2
2015-08-23 01:40:00,-2
2015-08-23 01:45:00,-2
2015-08-23 01:50:00,-2
2015-08-23 01:55:00,-1
2015-08-23 02:00:00,-1
2015-08-23 02:05:00,0
2015-08-23 02:10:00,4
2015-08-23 02:15:00,4
2015-08-23 02:20:00,4
2015-08-23 02:25:00,5
2015-08-23 02:30:00,7
2015-08-23 02:35:00,9
2015-08-23 02:40:00,11
2015-08-23 02:45:00,11
2015-08-23 02:50:00,11
2015-08-23 02:55:00,9
2015-08-23 03:00:00,9
2015-08-23 03:05:00,8
2015-08-23 03:10:00,6
2015-08-23 03:15:00,5
2015-08-23 03:20:00,4
2015-08-23 03:25:00,4
2015-08-23 03:30:00,5
2015-08-23 03:35:00,5
2015-08-23 03:40:00,5
2015-08-23 03:45:00,3
2015-08-23 03:50:00,3
2015-08-23 03:55:00,2
2015-08-23 04:00:00,3
2015-08-23 04:05:00,5
2015-08-23 04:10:00,4
2015-08-23 04:15:00,3
2015-08-23 04:20:00,0
2015-08-23 04:25:00,-1
2015-08-23 04:30:00,-1
2015-08-23 04:35:00,0
2015-08-23 04:40:00,1
2015-08-23 04:45:00,4
2015-08-23 04:50:00,8
2015-08-23 04:55:00,11
2015-08-23 05:00:00,11
2015-08-23 05:05:00,9
2015-08-23 05:10:00,7
2015-08-23 05:15:00,6
2015-08-23 05:20:00,6
2015-08-23 05:25:00,6
2015-08-23 05:30:00,4
2015-08-23 05:35:00,4
2015-08-23 05:40:00,4
2015-08-23 05:45:00,3
2015-08-23 05:50:00,1
2015-08-23 05:55:00,-2
2015-08-23 06:00:00,-3
2015-08-23 06:05:00,0
2015-08-23 06:10:00,1
2015-08-23 06:15:00,3
2015-08-23 06:20:00,4
2015-08-23 06:25:00,7
2015-08-23 06:30:00,8
2015-08-23 06:35:00,6
2015-08-23 06:40:00,6
2015-08-23 06:45:00,8
2015-08-23 06:50:00,7
2015-08-23 06:55:00,8
2015-08-23 07:00:00,5
2015-08-23 07:05:00,5
2015-08-23 07:10:00,4
2015-08-23 07:15:00,4
2015-08-23 07:20:00,3
2015-08-23 07:25:00,-1
2015-08-23 07:30:00,-4
2015-08-23 07:35:00,-11
2015-08-23 07:40:00,-17
2015-08-23 07:45:00,-26
2015-08-23 07:50:00,-34
2015-08-23 07:55:00,-39
2015-08-23 08:00:00,-37
2015-08-23 08:05:00,-39
2015-08-23 08:10:00,-41
2015-08-23 08:15:00,-43
2015-08-23 08:20:00,-45
2015-08-23 08:25:00,-55
2015-08-23 08:30:00,-59
2015-08-23 08:35:00,-58
2015-08-23 08:40:00,-54
2015-08-23 08:45:00,-54
2015-08-23 08:50:00,-54
2015-08-23 08:55:00,-58
2015-08-23 09:00:00,-56
2015-08-23 09:05:00,-51
2015-08-23 09:10:00,-48
2015-08-23 09:15:00,-50
2015-08-23 09:20:00,-49
2015-08-23 09:25:00,-47
2015-08-23 09:30:00,-47
2015-08-23 09:35:00,-45
2015-08-23 09:40:00,-38
2015-08-23 09:45:00,-35
2015-08-23 09:50:00,-37
2015-08-23 09:55:00,-38
2015-08-23 10:00:00,-38
2015-08-23 10:05:00,-37
2015-08-23 10:10:00,-36
2015-08-23 10:15:00,-37
2015-08-23 10:20:00,-35
2015-08-23 10:25:00,-32
2015-08-23 10:30:00,-31
2015-08-23 10:35:00,-31
2015-08-23 10:40:00,-33
2015-08-23 10:45:00,-36
2015-08-23 10:50:00,-37
2015-08-23 10:55:00,-38
2015-08-23 11:00:00,-38
2015-08-23 11:05:00,-40
2015-08-23 11:10:00,-38
2015-08-23 11:15:00,-35
2015-08-23 11:20:00,-35
2015-08-23 11:25:00,-34
2015-08-23 11:30:00,-31
2015-08-23 11:35:00,-32
2015-08-23 11:40:00,-30
2015-08-23 11:45:00,-29
2015-08-23 11:50:00,-28
2015-08-23 11:55:00,-29
2015-08-23 12:00:00,-30
2015-08-23 12:05:00,-27
2015-08-23 12:10:00,-27
2015-08-23 12:15:00,-25
2015-08-23 12:20:00,-23
2015-08-23 12:25:00,-25
2015-08-23 12:30:00,-24
2015-08-23 12:35:00,-24
2015-08-23 12:40:00,-25
2015-08-23 12:45:00,-27
2015-08-23 12:50:00,-25
2015-08-23 12:55:00,-25
2015-08-23 13:00:00,-26
2015-08-23 13:05:00,-27
2015-08-23 13:10:00,-27
2015-08-23 13:15:00,-26
2015-08-23 13:20:00,-25
2015-08-23 13:25:00,-24
2015-08-23 13:30:00,-23
2015-08-23 13:35:00,-26
2015-08-23 13:40:00,-28
2015-08-23 13:45:00,-29
2015-08-23 13:50:00,-30
2015-08-23 13:55:00,-30
2015-08-23 14:00:00,-30
2015-08-23 14:05:00,-29
2015-08-23 14:10:00,-27
2015-08-23 14:15:00,-25
2015-08-23 14:20:00,-25
2015-08-23 14:25:00,-27
2015-08-23 14:30:00,-28
2015-08-23 14:35:00,-29
2015-08-23 14:40:00,-29
2015-08-23 14:45:00,-30
2015-08-23 14:50:00,-31
2015-08-23 14:55:00,-30
2015-08-23 15:00:00,-29
2015-08-23 15:05:00,-29
2015-08-23 15:10:00,-30
2015-08-23 15:15:00,-29
2015-08-23 15:20:00,-29
2015-08-23 15:25:00,-28
2015-08-23 15:30:00,-28
2015-08-23 15:35:00,-28
2015-08-23 15:40:00,-29
2015-08-23 15:45:00,-29
2015-08-23 15:50:00,-30
2015-08-23 15:55:00,-30
2015-08-23 16:00:00,-30
2015-08-23 16:05:00,-29
2015-08-23 16:10:00,-29
2015-08-23 16:15:00,-29
2015-08-23 16:20:00,-29
2015-08-23 16:25:00,-29
2015-08-23 16:30:00,-28
2015-08-23 16:35:00,-29
2015-08-23 16:40:00,-28
2015-08-23 16:45:00,-28
2015-08-23 16:50:00,-30
2015-08-23 16:55:00,-30
2015-08-23 17:00:00,-30
2015-08-23 17:05:00,-32
2015-08-23 17:10:00,-33
2015-08-23 17:15:00,-34
2015-08-23 17:20:00,-33
2015-08-23 17:25:00,-31
2015-08-23 17:30:00,-32
2015-08-23 17:35:00,-33
2015-08-23 17:40:00,-34
2015-08-23 17:45:00,-34
2015-08-23 17:50:00,-35
2015-08-23 17:55:00,-35
2015-08-23 18:00:00,-36
2015-08-23 18:05:00,-36
2015-08-23 18:10:00,-37
2015-08-23 18:15:00,-38
2015-08-23 18:20:00,-38
2015-08-23 18:25:00,-39
2015-08-23 18:30:00,-40
2015-08-23 18:35:00,-40
2015-08-23 18:40:00,-41
2015-08-23 18:45:00,-41
2015-08-23 18:50:00,-40
2015-08-23 18:55:00,-40
2015-08-23 19:00:00,-38
2015-08-23 19:05:00,-37
2015-08-23 19:10:00,-39
2015-08-23 19:15:00,-40
2015-08-23 19:20:00,-39
2015-08-23 19:25:00,-38
2015-08-23 19:30:00,-41
2015-08-23 19:35:00,-42
2015-08-23 19:40:00,-38
2015-08-23 19:45:00,-37
2015-08-23 19:50:00,-36
2015-08-23 19:55:00,-36
2015-08-23 20:00:00,-34
2015-08-23 20:05:00,-33
2015-08-23 20:10:00,-33
2015-08-23 20:15:00,-33
2015-08-23 20:20:00,-33
2015-08-23 20:25:00,-34
2015-08-23 20:30:00,-34
2015-08-23 20:35:00,-34
2015-08-23 20:40:00,-33
2015-08-23 20:45:00,-33
2015-08-23 20:50:00,-32
2015-08-23 20:55:00,-32
2015-08-23 21:00:00,-32
2015-08-23 21:05:00,-32
2015-08-23 21:10:00,-32
2015-08-23 21:15:00,-33
2015-08-23 21:20:00,-33
2015-08-23 21:25:00,-32
2015-08-23 21:30:00,-29
2015-08-23 21:35:00,-27
2015-08-23 21:40:00,-24
2015-08-23 21:45:00,-23
2015-08-23 21:50:00,-23
2015-08-23 21:55:00,-25
2015-08-23 22:00:00,-26
2015-08-23 22:05:00,-26
2015-08-23 22:10:00,-28
2015-08-23 22:15:00,-27
2015-08-23 22:20:00,-26
2015-08-23 22:25:00,-26
2015-08-23 22:30:00,-26
2015-08-23 22:35:00,-26
2015-08-23 22:40:00,-25
2015-08-23 22:45:00,-25
2015-08-23 22:50:00,-25
2015-08-23 22:55:00,-24
2015-08-23 23:00:00,-23
2015-08-23 23:05:00,-21
2015-08-23 23:10:00,-21
2015-08-23 23:15:00,-20
2015-08-23 23:20:00,-19
2015-08-23 23:25:00,-19
2015-08-23 23:30:00,-19
2015-08-23 23:35:00,-19
2015-08-23 23:40:00,-19
2015-08-23 23:45:00,-18
2015-08-23 23:50:00,-19
2015-08-23 23:55:00,-18
2015-08-24 00:00:00,-18
2015-08-24 00:05:00,-18
2015-08-24 00:10:00,-18
2015-08-24 00:15:00,-19
2015-08-24 00:20:00,-19
2015-08-24 00:25:00,-19
2015-08-24 00:30:00,-20
2015-08-24 00:35:00,-20
2015-08-24 00:40:00,-20
2015-08-24 00:45:00,-19
2015-08-24 00:50:00,-19
2015-08-24 00:55:00,-19
2015-08-24 01:00:00,-18
2015-08-24 01:05:00,-18
2015-08-24 01:10:00,-18
2015-08-24 01:15:00,-18
2015-08-24 01:20:00,-19
2015-08-24 01:25:00,-19
2015-08-24 01:30:00,-19
2015-08-24 01:35:00,-17
2015-08-24 01:40:00,-16
2015-08-24 01:45:00,-16
2015-08-24 01:50:00,-15
2015-08-24 01:55:00,-14
2015-08-24 02:00:00,-15
2015-08-24 02:05:00,-15
2015-08-24 02:10:00,-15
2015-08-24 02:15:00,-16
2015-08-24 02:20:00,-15
2015-08-24 02:25:00,-15
2015-08-24 02:30:00,-15
2015-08-24 02:35:00,-16
2015-08-24 02:40:00,-16
2015-08-24 02:45:00,-16
2015-08-24 02:50:00,-15
2015-08-24 02:55:00,-15
2015-08-24 03:00:00,-16
2015-08-24 03:05:00,-15
2015-08-24 03:10:00,-15
2015-08-24 03:15:00,-15
2015-08-24 03:20:00,-15
2015-08-24 03:25:00,-15
2015-08-24 03:30:00,-14
2015-08-24 03:35:00,-13
2015-08-24 03:40:00,-13
2015-08-24 03:45:00,-13
2015-08-24 03:50:00,-13
2015-08-24 03:55:00,-13
2015-08-24 04:00:00,-13
2015-08-24 04:05:00,-14
2015-08-24 04:10:00,-13
2015-08-24 04:15:00,-13
2015-08-24 04:20:00,-13
2015-08-24 04:25:00,-13
2015-08-24 04:30:00,-14
2015-08-24 04:35:00,-14
2015-08-24 04:40:00,-15
2015-08-24 04:45:00,-14
2015-08-24 04:50:00,-14
2015-08-24 04:55:00,-14
2015-08-24 05:00:00,-15
2015-08-24 05:05:00,-16
2015-08-24 05:10:00,-17
2015-08-24 05:15:00,-17
2015-08-24 05:20:00,-18
2015-08-24 05:25:00,-18
2015-08-24 05:30:00,-18
2015-08-24 05:35:00,-18
2015-08-24 05:40:00,-18
2015-08-24 05:45:00,-19
2015-08-24 05:50:00,-19
2015-08-24 05:55:00,-19
2015-08-24 06:00:00,-19
2015-08-24 06:05:00,-17
2015-08-24 06:10:00,-17
2015-08-24 06:15:00,-18
2015-08-24 06:20:00,-18
2015-08-24 06:25:00,-20
2015-08-24 06:30:00,-20
2015-08-24 06:35:00,-20
2015-08-24 06:40:00,-20
2015-08-24 06:45:00,-20
2015-08-24 06:50:00,-20
2015-08-24 06:55:00,-20
2015-08-24 07:00:00,-21
2015-08-24 07:05:00,-20
2015-08-24 07:10:00,-21
2015-08-24 07:15:00,-22
2015-08-24 07:20:00,-23
2015-08-24 07:25:00,-23
2015-08-24 07:30:00,-22
2015-08-24 07:35:00,-24
2015-08-24 07:40:00,-24
2015-08-24 07:45:00,-24
2015-08-24 07:50:00,-25
2015-08-24 07:55:00,-25
2015-08-24 08:00:00,-25
2015-08-24 08:05:00,-26
2015-08-24 08:10:00,-26
2015-08-24 08:15:00,-27
2015-08-24 08:20:00,-27
2015-08-24 08:25:00,-27
2015-08-24 08:30:00,-28
2015-08-24 08:35:00,-28
2015-08-24 08:40:00,-28
2015-08-24 08:45:00,-27
2015-08-24 08:50:00,-26
2015-08-24 08:55:00,-25
2015-08-24 09:00:00,-25
2015-08-24 09:05:00,-25
2015-08-24 09:10:00,-24
2015-08-24 09:15:00,-24
2015-08-24 09:20:00,-24
2015-08-24 09:25:00,-23
2015-08-24 09:30:00,-22
2015-08-24 09:35:00,-21
2015-08-24 09:40:00,-20
2015-08-24 09:45:00,-20
2015-08-24 09:50:00,-20
2015-08-24 09:55:00,-21
2015-08-24 10:00:00,-20
2015-08-24 10:05:00,-20
2015-08-24 10:10:00,-20
2015-08-24 10:15:00,-20
2015-08-24 10:20:00,-19
2015-08-24 10:25:00,-19
2015-08-24 10:30:00,-20
2015-08-24 10:35:00,-20
2015-08-24 10:40:00,-20
2015-08-24 10:45:00,-19
2015-08-24 10:50:00,-17
2015-08-24 10:55:00,-17
2015-08-24 11:00:00,-17
2015-08-24 11:05:00,-17
2015-08-24 11:10:00,-16
2015-08-24 11:15:00,-16
2015-08-24 11:20:00,-16
2015-08-24 11:25:00,-16
2015-08-24 11:30:00,-16
2015-08-24 11:35:00,-16
2015-08-24 11:40:00,-17
2015-08-24 11:45:00,-18
2015-08-24 11:50:00,-18
2015-08-24 11:55:00,-19
2015-08-24 12:00:00,-19
2015-08-24 12:05:00,-18
2015-08-24 12:10:00,-17
2015-08-24 12:15:00,-18
2015-08-24 12:20:00,-17
2015-08-24 12:25:00,-17
2015-08-24 12:30:00,-17
2015-08-24 12:35:00,-17
2015-08-24 12:40:00,-17
2015-08-24 12:45:00,-17
2015-08-24 12:50:00,-17
2015-08-24 12:55:00,-17
2015-08-24 13:00:00,-16
2015-08-24 13:05:00,-15
2015-08-24 13:10:00,-15
2015-08-24 13:15:00,-15
2015-08-24 13:20:00,-15
2015-08-24 13:25:00,-14
2015-08-24 13:30:00,-13
2015-08-24 13:35:00,-13
2015-08-24 13:40:00,-12
2015-08-24 13:45:00,-12
2015-08-24 13:50:00,-12
2015-08-24 13:55:00,-12
2015-08-24 14:00:00,-12
2015-08-24 14:05:00,-11
2015-08-24 14:10:00,-11
2015-08-24 14:15:00,-12
2015-08-24 14:20:00,-12
2015-08-24 14:25:00,-13
2015-08-24 14:30:00,-12
2015-08-24 14:35:00,-12
2015-08-24 14:40:00,-12
2015-08-24 14:45:00,-13
2015-08-24 14:50:00,-13
2015-08-24 14:55:00,-12
2015-08-24 15:00:00,-10
2015-08-24 15:05:00,-10
2015-08-24 15:10:00,-12
2015-08-24 15:15:00,-12
2015-08-24 15:20:00,-10
2015-08-24 15:25:00,-10
2015-08-24 15:30:00,-10
2015-08-24 15:35:00,-10
2015-08-24 15:40:00,-10
2015-08-24 15:45:00,-9
2015-08-24 15:50:00,-8
2015-08-24 15:55:00,-8
2015-08-24 16:00:00,-7
2015-08-24 16:05:00,-8
2015-08-24 16:10:00,-7
2015-08-24 16:15:00,-7
2015-08-24 16:20:00,-6
2015-08-24 16:25:00,-6
2015-08-24 16:30:00,-6
2015-08-24 16:35:00,-5
2015-08-24 16:40:00,-5
2015-08-24 16:45:00,-5
2015-08-24 16:50:00,-5
2015-08-24 16:55:00,-5
2015-08-24 17:00:00,-5
2015-08-24 17:05:00,-4
2015-08-24 17:10:00,-4
2015-08-24 17:15:00,-5
2015-08-24 17:20:00,-6
2015-08-24 17:25:00,-5
2015-08-24 17:30:00,-5
2015-08-24 17:35:00,-5
2015-08-24 17:40:00,-6
2015-08-24 17:45:00,-6
2015-08-24 17:50:00,-6
2015-08-24 17:55:00,-6
2015-08-24 18:00:00,-6
2015-08-24 18:05:00,-5
2015-08-24 18:10:00,-6
2015-08-24 18:15:00,-6
2015-08-24 18:20:00,-7
2015-08-24 18:25:00,-7
2015-08-24 18:30:00,-8
2015-08-24 18:35:00,-7
2015-08-24 18:40:00,-8
2015-08-24 18:45:00,-8
2015-08-24 18:50:00,-9
2015-08-24 18:55:00,-10
2015-08-24 19:00:00,-11
2015-08-24 19:05:00,-12
2015-08-24 19:10:00,-12
2015-08-24 19:15:00,-13
2015-08-24 19:20:00,-13
2015-08-24 19:25:00,-13
2015-08-24 19:30:00,-13
2015-08-24 19:35:00,-13
2015-08-24 19:40:00,-13
2015-08-24 19:45:00,-13
2015-08-24 19:50:00,-13
2015-08-24 19:55:00,-13
2015-08-24 20:00:00,-13
2015-08-24 20:05:00,-14
2015-08-24 20:10:00,-15
2015-08-24 20:15:00,-16
2015-08-24 20:20:00,-17
2015-08-24 20:25:00,-18
2015-08-24 20:30:00,-18
2015-08-24 20:35:00,-18
2015-08-24 20:40:00,-18
2015-08-24 20:45:00,-19
2015-08-24 20:50:00,-19
2015-08-24 20:55:00,-18
2015-08-24 21:00:00,-17
2015-08-24 21:05:00,-17
2015-08-24 21:10:00,-16
2015-08-24 21:15:00,-16
2015-08-24 21:20:00,-15
2015-08-24 21:25:00,-15
2015-08-24 21:30:00,-15
2015-08-24 21:35:00,-14
2015-08-24 21:40:00,-14
2015-08-24 21:45:00,-15
2015-08-24 21:50:00,-15
2015-08-24 21:55:00,-13
2015-08-24 22:00:00,-13
2015-08-24 22:05:00,-13
2015-08-24 22:10:00,-13
2015-08-24 22:15:00,-12
2015-08-24 22:20:00,-12
2015-08-24 22:25:00,-12
2015-08-24 22:30:00,-11
2015-08-24 22:35:00,-11
2015-08-24 22:40:00,-11
2015-08-24 22:45:00,-11
2015-08-24 22:50:00,-10
2015-08-24 22:55:00,-10
2015-08-24 23:00:00,-10
2015-08-24 23:05:00,-9
2015-08-24 23:10:00,-9
2015-08-24 23:15:00,-9
2015-08-24 23:20:00,-8
2015-08-24 23:25:00,-8
2015-08-24 23:30:00,-7
2015-08-24 23:35:00,-8
2015-08-24 23:40:00,-8
2015-08-24 23:45:00,-7
2015-08-24 23:50:00,-7
2015-08-24 23:55:00,-7
2015-08-25 00:00:00,-7
2015-08-25 00:05:00,-7
2015-08-25 00:10:00,-6
2015-08-25 00:15:00,-6
2015-08-25 00:20:00,-5
2015-08-25 00:25:00,-5
2015-08-25 00:30:00,-6
2015-08-25 00:35:00,-6
2015-08-25 00:40:00,-6
2015-08-25 00:45:00,-5
2015-08-25 00:50:00,-4
2015-08-25 00:55:00,-4
2015-08-25 01:00:00,-4
2015-08-25 01:05:00,-5
2015-08-25 01:10:00,-4
2015-08-25 01:15:00,-4
2015-08-25 01:20:00,-4
2015-08-25 01:25:00,-4
2015-08-25 01:30:00,-5
2015-08-25 01:35:00,-5
2015-08-25 01:40:00,-5
2015-08-25 01:45:00,-4
2015-08-25 01:50:00,-3
2015-08-25 01:55:00,-3
2015-08-25 02:00:00,-3
2015-08-25 02:05:00,-3
2015-08-25 02:10:00,-2
2015-08-25 02:15:00,-2
2015-08-25 02:20:00,-3
2015-08-25 02:25:00,-4
2015-08-25 02:30:00,-5
2015-08-25 02:35:00,-4
2015-08-25 02:40:00,-4
2015-08-25 02:45:00,-3
2015-08-25 02:50:00,-2
2015-08-25 02:55:00,-3
2015-08-25 03:00:00,-5
2015-08-25 03:05:00,-5
2015-08-25 03:10:00,-6
2015-08-25 03:15:00,-5
2015-08-25 03:20:00,-5
2015-08-25 03:25:00,-5
2015-08-25 03:30:00,-6
2015-08-25 03:35:00,-6
2015-08-25 03:40:00,-7
2015-08-25 03:45:00,-7
2015-08-25 03:50:00,-8
2015-08-25 03:55:00,-8
2015-08-25 04:00:00,-9
2015-08-25 04:05:00,-10
2015-08-25 04:10:00,-10
2015-08-25 04:15:00,-11
2015-08-25 04:20:00,-11
2015-08-25 04:25:00,-12
2015-08-25 04:30:00,-14
2015-08-25 04:35:00,-14
2015-08-25 04:40:00,-13
2015-08-25 04:45:00,-13
2015-08-25 04:50:00,-14
2015-08-25 04:55:00,-14
2015-08-25 05:00:00,-15
2015-08-25 05:05:00,-16
2015-08-25 05:10:00,-16
2015-08-25 05:15:00,-17
2015-08-25 05:20:00,-18
2015-08-25 05:25:00,-19
2015-08-25 05:30:00,-18
2015-08-25 05:35:00,-18
2015-08-25 05:40:00,-19
2015-08-25 05:45:00,-19
2015-08-25 05:50:00,-19
2015-08-25 05:55:00,-19
2015-08-25 06:00:00,-20
2015-08-25 06:05:00,-19
2015-08-25 06:10:00,-19
2015-08-25 06:15:00,-20
2015-08-25 06:20:00,-21
2015-08-25 06:25:00,-21
2015-08-25 06:30:00,-20
2015-08-25 06:35:00,-20
2015-08-25 06:40:00,-19
2015-08-25 06:45:00,-19
2015-08-25 06:50:00,-20
2015-08-25 06:55:00,-19
2015-08-25 07:00:00,-18
2015-08-25 07:05:00,-18
2015-08-25 07:10:00,-18
2015-08-25 07:15:00,-18
2015-08-25 07:20:00,-18
2015-08-25 07:25:00,-18
2015-08-25 07:30:00,-17
2015-08-25 07:35:00,-15
2015-08-25 07:40:00,-14
2015-08-25 07:45:00,-15
2015-08-25 07:50:00,-15
2015-08-25 07:55:00,-16
2015-08-25 08:00:00,-17
2015-08-25 08:05:00,-17
2015-08-25 08:10:00,-16
2015-08-25 08:15:00,-15
2015-08-25 08:20:00,-15
2015-08-25 08:25:00,-16
2015-08-25 08:30:00,-15
2015-08-25 08:35:00,-15
2015-08-25 08:40:00,-14
2015-08-25 08:45:00,-14
2015-08-25 08:50:00,-14
2015-08-25 08:55:00,-15
2015-08-25 09:00:00,-15
2015-08-25 09:05:00,-16
2015-08-25 09:10:00,-16
2015-08-25 09:15:00,-15
2015-08-25 09:20:00,-14
2015-08-25 09:25:00,-12
2015-08-25 09:30:00,-11
2015-08-25 09:35:00,-10
2015-08-25 09:40:00,-9
2015-08-25 09:45:00,-9
2015-08-25 09:50:00,-9
2015-08-25 09:55:00,-9
2015-08-25 10:00:00,-9
2015-08-25 10:05:00,-10
2015-08-25 10:10:00,-10
2015-08-25 10:15:00,-10
2015-08-25 10:20:00,-10
2015-08-25 10:25:00,-10
2015-08-25 10:30:00,-9
2015-08-25 10:35:00,-10
2015-08-25 10:40:00,-10
2015-08-25 10:45:00,-10
2015-08-25 10:50:00,-11
2015-08-25 10:55:00,-11
2015-08-25 11:00:00,-11
2015-08-25 11:05:00,-11
2015-08-25 11:10:00,-11
2015-08-25 11:15:00,-11
2015-08-25 11:20:00,-11
2015-08-25 11:25:00,-10
2015-08-25 11:30:00,-10
2015-08-25 11:35:00,-10
2015-08-25 11:40:00,-10
2015-08-25 11:45:00,-9
2015-08-25 11:50:00,-10
2015-08-25 11:55:00,-10
2015-08-25 12:00:00,-10
2015-08-25 12:05:00,-9
2015-08-25 12:10:00,-10
2015-08-25 12:15:00,-10
2015-08-25 12:20:00,-10
2015-08-25 12:25:00,-10
2015-08-25 12:30:00,-9
2015-08-25 12:35:00,-9
2015-08-25 12:40:00,-9
2015-08-25 12:45:00,-9
2015-08-25 12:50:00,-9
2015-08-25 12:55:00,-9
2015-08-25 13:00:00,-9
2015-08-25 13:05:00,-8
2015-08-25 13:10:00,-8
2015-08-25 13:15:00,-8
2015-08-25 13:20:00,-8
2015-08-25 13:25:00,-8
2015-08-25 13:30:00,-8
2015-08-25 13:35:00,-9
2015-08-25 13:40:00,-9
2015-08-25 13:45:00,-9
2015-08-25 13:50:00,-9
2015-08-25 13:55:00,-9
2015-08-25 14:00:00,-9
2015-08-25 14:05:00,-9
2015-08-25 14:10:00,-9
2015-08-25 14:15:00,-9
2015-08-25 14:20:00,-9
2015-08-25 14:25:00,-9
2015-08-25 14:30:00,-9
2015-08-25 14:35:00,-9
2015-08-25 14:40:00,-9
2015-08-25 14:45:00,-9
2015-08-25 14:50:00,-8
2015-08-25 14:55:00,-8
2015-08-25 15:00:00,-7
2015-08-25 15:05:00,-7
2015-08-25 15:10:00,-7
2015-08-25 15:15:00,-7
2015-08-25 15:20:00,-7
2015-08-25 15:25:00,-7
2015-08-25 15:30:00,-6
2015-08-25 15:35:00,-6
2015-08-25 15:40:00,-5
2015-08-25 15:45:00,-5
2015-08-25 15:50:00,-4
2015-08-25 15:55:00,-4
2015-08-25 16:00:00,-3
2015-08-25 16:05:00,-2
2015-08-25 16:10:00,-1
2015-08-25 16:15:00,-1
2015-08-25 16:20:00,-1
2015-08-25 16:25:00,-1
2015-08-25 16:30:00,-1
2015-08-25 16:35:00,-1
2015-08-25 16:40:00,-1
2015-08-25 16:45:00,-1
2015-08-25 16:50:00,-2
2015-08-25 16:55:00,-3
2015-08-25 17:00:00,-4
2015-08-25 17:05:00,-4
2015-08-25 17:10:00,-5
2015-08-25 17:15:00,-5
2015-08-25 17:20:00,-5
2015-08-25 17:25:00,-6
2015-08-25 17:30:00,-7
2015-08-25 17:35:00,-8
2015-08-25 17:40:00,-9
2015-08-25 17:45:00,-9
2015-08-25 17:50:00,-11
2015-08-25 17:55:00,-12
2015-08-25 18:00:00,-12
2015-08-25 18:05:00,-12
2015-08-25 18:10:00,-13
2015-08-25 18:15:00,-14
2015-08-25 18:20:00,-15
2015-08-25 18:25:00,-17
2015-08-25 18:30:00,-18
2015-08-25 18:35:00,-18
2015-08-25 18:40:00,-17
2015-08-25 18:45:00,-16
2015-08-25 18:50:00,-17
2015-08-25 18:55:00,-19
2015-08-25 19:00:00,-19
2015-08-25 19:05:00,-19
2015-08-25 19:10:00,-20
2015-08-25 19:15:00,-21
2015-08-25 19:20:00,-21
2015-08-25 19:25:00,-21
2015-08-25 19:30:00,-22
2015-08-25 19:35:00,-22
2015-08-25 19:40:00,-21
2015-08-25 19:45:00,-20
2015-08-25 19:50:00,-20
2015-08-25 19:55:00,-20
2015-08-25 20:00:00,-21
2015-08-25 20:05:00,-21
2015-08-25 20:10:00,-23
2015-08-25 20:15:00,-25
2015-08-25 20:20:00,-26
2015-08-25 20:25:00,-24
2015-08-25 20:30:00,-22
2015-08-25 20:35:00,-22
2015-08-25 20:40:00,-22
2015-08-25 20:45:00,-22
2015-08-25 20:50:00,-21
2015-08-25 20:55:00,-21
2015-08-25 21:00:00,-20
2015-08-25 21:05:00,-20
2015-08-25 21:10:00,-18
2015-08-25 21:15:00,-18
2015-08-25 21:20:00,-18
2015-08-25 21:25:00,-16
2015-08-25 21:30:00,-15
2015-08-25 21:35:00,-15
2015-08-25 21:40:00,-15
2015-08-25 21:45:00,-14
2015-08-25 21:50:00,-14
2015-08-25 21:55:00,-13
2015-08-25 22:00:00,-12
2015-08-25 22:05:00,-12
2015-08-25 22:10:00,-11
2015-08-25 22:15:00,-11
2015-08-25 22:20:00,-10
2015-08-25 22:25:00,-9
2015-08-25 22:30:00,-10
2015-08-25 22:35:00,-10
2015-08-25 22:40:00,-9
2015-08-25 22:45:00,-9
2015-08-25 22:50:00,-9
2015-08-25 22:55:00,-9
2015-08-25 23:00:00,-8
2015-08-25 23:05:00,-8
2015-08-25 23:10:00,-10
2015-08-25 23:15:00,-11
2015-08-25 23:20:00,-12
2015-08-25 23:25:00,-13
2015-08-25 23:30:00,-14
2015-08-25 23:35:00,-15
2015-08-25 23:40:00,-16
2015-08-25 23:45:00,-16
2015-08-25 23:50:00,-16
2015-08-25 23:55:00,-17
2015-08-26 00:00:00,-19
2015-08-26 00:05:00,-19
2015-08-26 00:10:00,-19
2015-08-26 00:15:00,-19
2015-08-26 00:20:00,-19
2015-08-26 00:25:00,-20
2015-08-26 00:30:00,-20
2015-08-26 00:35:00,-20
2015-08-26 00:40:00,-19
2015-08-26 00:45:00,-18
2015-08-26 00:50:00,-17
2015-08-26 00:55:00,-17
2015-08-26 01:00:00,-17
2015-08-26 01:05:00,-15
2015-08-26 01:10:00,-14
2015-08-26 01:15:00,-16
2015-08-26 01:20:00,-16
2015-08-26 01:25:00,-14
2015-08-26 01:30:00,-12
2015-08-26 01:35:00,-10
2015-08-26 01:40:00,-11
2015-08-26 01:45:00,-12
2015-08-26 01:50:00,-14
2015-08-26 01:55:00,-15
2015-08-26 02:00:00,-16
2015-08-26 02:05:00,-15
2015-08-26 02:10:00,-13
2015-08-26 02:15:00,-12
2015-08-26 02:20:00,-13
2015-08-26 02:25:00,-14
2015-08-26 02:30:00,-14
2015-08-26 02:35:00,-14
2015-08-26 02:40:00,-14
2015-08-26 02:45:00,-14
2015-08-26 02:50:00,-15
2015-08-26 02:55:00,-16
2015-08-26 03:00:00,-17
2015-08-26 03:05:00,-17
2015-08-26 03:10:00,-16
2015-08-26 03:15:00,-17
2015-08-26 03:20:00,-17
2015-08-26 03:25:00,-15
2015-08-26 03:30:00,-15
2015-08-26 03:35:00,-15
2015-08-26 03:40:00,-15
2015-08-26 03:45:00,-14
2015-08-26 03:50:00,-14
2015-08-26 03:55:00,-14
2015-08-26 04:00:00,-14
2015-08-26 04:05:00,-11
2015-08-26 04:10:00,-12
2015-08-26 04:15:00,-16
2015-08-26 04:20:00,-15
2015-08-26 04:25:00,-13
2015-08-26 04:30:00,-18
2015-08-26 04:35:00,-18
2015-08-26 04:40:00,-13
2015-08-26 04:45:00,-6
2015-08-26 04:50:00,-8
2015-08-26 04:55:00,-11
2015-08-26 05:00:00,-10
2015-08-26 05:05:00,-8
2015-08-26 05:10:00,-9
2015-08-26 05:15:00,-8
2015-08-26 05:20:00,-10
2015-08-26 05:25:00,-9
2015-08-26 05:30:00,-8
2015-08-26 05:35:00,-10
2015-08-26 05:40:00,-10
2015-08-26 05:45:00,-10
2015-08-26 05:50:00,-10
2015-08-26 05:55:00,-9
2015-08-26 06:00:00,-10
2015-08-26 06:05:00,-10
2015-08-26 06:10:00,-11
2015-08-26 06:15:00,-10
2015-08-26 06:20:00,-10
2015-08-26 06:25:00,-10
2015-08-26 06:30:00,-11
2015-08-26 06:35:00,-12
2015-08-26 06:40:00,-14
2015-08-26 06:45:00,-14
2015-08-26 06:50:00,-15
2015-08-26 06:55:00,-15
2015-08-26 07:00:00,-18
2015-08-26 07:05:00,-20
2015-08-26 07:10:00,-20
2015-08-26 07:15:00,-21
2015-08-26 07:20:00,-23
2015-08-26 07:25:00,-23
2015-08-26 07:30:00,-27
2015-08-26 07:35:00,-29
2015-08-26 07:40:00,-28
2015-08-26 07:45:00,-26
2015-08-26 07:50:00,-26
2015-08-26 07:55:00,-26
2015-08-26 08:00:00,-25
2015-08-26 08:05:00,-25
2015-08-26 08:10:00,-26
2015-08-26 08:15:00,-25
2015-08-26 08:20:00,-26
2015-08-26 08:25:00,-27
2015-08-26 08:30:00,-28
2015-08-26 08:35:00,-28
2015-08-26 08:40:00,-38
2015-08-26 08:45:00,-36
2015-08-26 08:50:00,-35
2015-08-26 08:55:00,-27
2015-08-26 09:00:00,-22
2015-08-26 09:05:00,-27
2015-08-26 09:10:00,-25
2015-08-26 09:15:00,-30
2015-08-26 09:20:00,-53
2015-08-26 09:25:00,-56
2015-08-26 09:30:00,-49
2015-08-26 09:35:00,-48
2015-08-26 09:40:00,-48
2015-08-26 09:45:00,-45
2015-08-26 09:50:00,-42
2015-08-26 09:55:00,-40
2015-08-26 10:00:00,-38
2015-08-26 10:05:00,-31
2015-08-26 10:10:00,-29
2015-08-26 10:15:00,-30
2015-08-26 10:20:00,-31
2015-08-26 10:25:00,-29
2015-08-26 10:30:00,-28
2015-08-26 10:35:00,-27
2015-08-26 10:40:00,-27
2015-08-26 10:45:00,-27
2015-08-26 10:50:00,-26
2015-08-26 10:55:00,-26
2015-08-26 11:00:00,-25
2015-08-26 11:05:00,-24
2015-08-26 11:10:00,-23
2015-08-26 11:15:00,-23
2015-08-26 11:20:00,-23
2015-08-26 11:25:00,-24
2015-08-26 11:30:00,-24
2015-08-26 11:35:00,-24
2015-08-26 11:40:00,-24
2015-08-26 11:45:00,-26
2015-08-26 11:50:00,-27
2015-08-26 11:55:00,-24
2015-08-26 12:00:00,-26
2015-08-26 12:05:00,-29
2015-08-26 12:10:00,-29
2015-08-26 12:15:00,-29
2015-08-26 12:20:00,-30
2015-08-26 12:25:00,-31
2015-08-26 12:30:00,-32
2015-08-26 12:35:00,-32
2015-08-26 12:40:00,-31
2015-08-26 12:45:00,-30
2015-08-26 12:50:00,-27
2015-08-26 12:55:00,-23
2015-08-26 13:00:00,-20
2015-08-26 13:05:00,-17
2015-08-26 13:10:00,-15
2015-08-26 13:15:00,-16
2015-08-26 13:20:00,-17
2015-08-26 13:25:00,-18
2015-08-26 13:30:00,-19
2015-08-26 13:35:00,-20
2015-08-26 13:40:00,-21
2015-08-26 13:45:00,-21
2015-08-26 13:50:00,-22
2015-08-26 13:55:00,-21
2015-08-26 14:00:00,-22
2015-08-26 14:05:00,-24
2015-08-26 14:10:00,-25
2015-08-26 14:15:00,-26
2015-08-26 14:20:00,-26
2015-08-26 14:25:00,-27
2015-08-26 14:30:00,-28
2015-08-26 14:35:00,-28
2015-08-26 14:40:00,-29
2015-08-26 14:45:00,-30
2015-08-26 14:50:00,-30
2015-08-26 14:55:00,-31
2015-08-26 15:00:00,-31
2015-08-26 15:05:00,-33
2015-08-26 15:10:00,-33
2015-08-26 15:15:00,-34
2015-08-26 15:20:00,-35
2015-08-26 15:25:00,-35
2015-08-26 15:30:00,-36
2015-08-26 15:35:00,-37
2015-08-26 15:40:00,-38
2015-08-26 15:45:00,-39
2015-08-26 15:50:00,-39
2015-08-26 15:55:00,-39
2015-08-26 16:00:00,-39
2015-08-26 16:05:00,-40
2015-08-26 16:10:00,-41
2015-08-26 16:15:00,-41
2015-08-26 16:20:00,-42
2015-08-26 16:25:00,-43
2015-08-26 16:30:00,-43
2015-08-26 16:35:00,-44
2015-08-26 16:40:00,-45
2015-08-26 16:45:00,-45
2015-08-26 16:50:00,-45
2015-08-26 16:55:00,-46
2015-08-26 17:00:00,-47
2015-08-26 17:05:00,-47
2015-08-26 17:10:00,-47
2015-08-26 17:15:00,-46
2015-08-26 17:20:00,-45
2015-08-26 17:25:00,-44
2015-08-26 17:30:00,-44
2015-08-26 17:35:00,-47
2015-08-26 17:40:00,-48
2015-08-26 17:45:00,-48
2015-08-26 17:50:00,-47
2015-08-26 17:55:00,-45
2015-08-26 18:00:00,-41
2015-08-26 18:05:00,-43
2015-08-26 18:10:00,-46
2015-08-26 18:15:00,-48
2015-08-26 18:20:00,-50
2015-08-26 18:25:00,-51
2015-08-26 18:30:00,-52
2015-08-26 18:35:00,-52
2015-08-26 18:40:00,-53
2015-08-26 18:45:00,-55
2015-08-26 18:50:00,-55
2015-08-26 18:55:00,-57
2015-08-26 19:00:00,-58
2015-08-26 19:05:00,-60
2015-08-26 19:10:00,-60
2015-08-26 19:15:00,-61
2015-08-26 19:20:00,-60
2015-08-26 19:25:00,-59
2015-08-26 19:30:00,-60
2015-08-26 19:35:00,-61
2015-08-26 19:40:00,-61
2015-08-26 19:45:00,-62
2015-08-26 19:50:00,-63
2015-08-26 19:55:00,-64
2015-08-26 20:00:00,-64
2015-08-26 20:05:00,-64
2015-08-26 20:10:00,-64
2015-08-26 20:15:00,-62
2015-08-26 20:20:00,-60
2015-08-26 20:25:00,-62
2015-08-26 20:30:00,-63
2015-08-26 20:35:00,-64
2015-08-26 20:40:00,-66
2015-08-26 20:45:00,-67
2015-08-26 20:50:00,-69
2015-08-26 20:55:00,-70
2015-08-26 21:00:00,-69
2015-08-26 21:05:00,-67
2015-08-26 21:10:00,-68
2015-08-26 21:15:00,-69
2015-08-26 21:20:00,-67
2015-08-26 21:25:00,-71
2015-08-26 21:30:00,-71
2015-08-26 21:35:00,-72
2015-08-26 21:40:00,-72
2015-08-26 21:45:00,-69
2015-08-26 21:50:00,-66
2015-08-26 21:55:00,-66
2015-08-26 22:00:00,-65
2015-08-26 22:05:00,-64
2015-08-26 22:10:00,-63
2015-08-26 22:15:00,-64
2015-08-26 22:20:00,-64
2015-08-26 22:25:00,-65
2015-08-26 22:30:00,-65
2015-08-26 22:35:00,-66
2015-08-26 22:40:00,-64
2015-08-26 22:45:00,-62
2015-08-26 22:50:00,-61
2015-08-26 22:55:00,-60
2015-08-26 23:00:00,-58
2015-08-26 23:05:00,-56
2015-08-26 23:10:00,-53
2015-08-26 23:15:00,-51
2015-08-26 23:20:00,-50
2015-08-26 23:25:00,-51
2015-08-26 23:30:00,-51
2015-08-26 23:35:00,-50
2015-08-26 23:40:00,-50
2015-08-26 23:45:00,-51
2015-08-26 23:50:00,-53
2015-08-26 23:55:00,-53
2015-08-27 00:00:00,-53
2015-08-27 00:05:00,-52
2015-08-27 00:10:00,-51
2015-08-27 00:15:00,-50
2015-08-27 00:20:00,-51
2015-08-27 00:25:00,-53
2015-08-27 00:30:00,-53
2015-08-27 00:35:00,-53
2015-08-27 00:40:00,-53
2015-08-27 00:45:00,-53
2015-08-27 00:50:00,-52
2015-08-27 00:55:00,-52
2015-08-27 01:00:00,-53
2015-08-27 01:05:00,-53
2015-08-27 01:10:00,-53
2015-08-27 01:15:00,-53
2015-08-27 01:20:00,-53
2015-08-27 01:25:00,-55
2015-08-27 01:30:00,-56
2015-08-27 01:35:00,-56
2015-08-27 01:40:00,-57
2015-08-27 01:45:00,-58
2015-08-27 01:50:00,-60
2015-08-27 01:55:00,-61
2015-08-27 02:00:00,-62
2015-08-27 02:05:00,-63
2015-08-27 02:10:00,-64
2015-08-27 02:15:00,-65
2015-08-27 02:20:00,-67
2015-08-27 02:25:00,-69
2015-08-27 02:30:00,-70
2015-08-27 02:35:00,-71
2015-08-27 02:40:00,-70
2015-08-27 02:45:00,-70
2015-08-27 02:50:00,-72
2015-08-27 02:55:00,-74
2015-08-27 03:00:00,-76
2015-08-27 03:05:00,-72
2015-08-27 03:10:00,-64
2015-08-27 03:15:00,-59
2015-08-27 03:20:00,-55
2015-08-27 03:25:00,-51
2015-08-27 03:30:00,-47
2015-08-27 03:35:00,-47
2015-08-27 03:40:00,-50
2015-08-27 03:45:00,-54
2015-08-27 03:50:00,-59
2015-08-27 03:55:00,-63
2015-08-27 04:00:00,-68
2015-08-27 04:05:00,-70
2015-08-27 04:10:00,-73
2015-08-27 04:15:00,-78
2015-08-27 04:20:00,-79
2015-08-27 04:25:00,-81
2015-08-27 04:30:00,-82
2015-08-27 04:35:00,-84
2015-08-27 04:40:00,-85
2015-08-27 04:45:00,-89
2015-08-27 04:50:00,-82
2015-08-27 04:55:00,-74
2015-08-27 05:00:00,-83
2015-08-27 05:05:00,-83
2015-08-27 05:10:00,-85
2015-08-27 05:15:00,-88
2015-08-27 05:20:00,-96
2015-08-27 05:25:00,-93
2015-08-27 05:30:00,-89
2015-08-27 05:35:00,-88
2015-08-27 05:40:00,-83
2015-08-27 05:45:00,-85
2015-08-27 05:50:00,-78
2015-08-27 05:55:00,-77
2015-08-27 06:00:00,-76
2015-08-27 06:05:00,-76
2015-08-27 06:10:00,-72
2015-08-27 06:15:00,-67
2015-08-27 06:20:00,-65
2015-08-27 06:25:00,-64
2015-08-27 06:30:00,-65
2015-08-27 06:35:00,-69
2015-08-27 06:40:00,-73
2015-08-27 06:45:00,-73
2015-08-27 06:50:00,-72
2015-08-27 06:55:00,-68
2015-08-27 07:00:00,-64
2015-08-27 07:05:00,-61
2015-08-27 07:10:00,-60
2015-08-27 07:15:00,-61
2015-08-27 07:20:00,-68
2015-08-27 07:25:00,-68
2015-08-27 07:30:00,-68
2015-08-27 07:35:00,-68
2015-08-27 07:40:00,-69
2015-08-27 07:45:00,-70
2015-08-27 07:50:00,-70
2015-08-27 07:55:00,-72
2015-08-27 08:00:00,-73
2015-08-27 08:05:00,-73
2015-08-27 08:10:00,-70
2015-08-27 08:15:00,-70
2015-08-27 08:20:00,-69
2015-08-27 08:25:00,-67
2015-08-27 08:30:00,-66
2015-08-27 08:35:00,-64
2015-08-27 08:40:00,-62
2015-08-27 08:45:00,-59
2015-08-27 08:50:00,-58
2015-08-27 08:55:00,-60
2015-08-27 09:00:00,-60
2015-08-27 09:05:00,-60
2015-08-27 09:10:00,-59
2015-08-27 09:15:00,-58
2015-08-27 09:20:00,-57
2015-08-27 09:25:00,-57
2015-08-27 09:30:00,-53
2015-08-27 09:35:00,-52
2015-08-27 09:40:00,-52
2015-08-27 09:45:00,-52
2015-08-27 09:50:00,-52
2015-08-27 09:55:00,-52
2015-08-27 10:00:00,-52
2015-08-27 10:05:00,-53
2015-08-27 10:10:00,-55
2015-08-27 10:15:00,-56
2015-08-27 10:20:00,-56
2015-08-27 10:25:00,-57
2015-08-27 10:30:00,-57
2015-08-27 10:35:00,-57
2015-08-27 10:40:00,-56
2015-08-27 10:45:00,-55
2015-08-27 10:50:00,-55
2015-08-27 10:55:00,-56
2015-08-27 11:00:00,-56
2015-08-27 11:05:00,-56
2015-08-27 11:10:00,-56
2015-08-27 11:15:00,-58
2015-08-27 11:20:00,-59
2015-08-27 11:25:00,-60
2015-08-27 11:30:00,-60
2015-08-27 11:35:00,-60
2015-08-27 11:40:00,-60
2015-08-27 11:45:00,-62
2015-08-27 11:50:00,-62
2015-08-27 11:55:00,-61
2015-08-27 12:00:00,-59
2015-08-27 12:05:00,-58
2015-08-27 12:10:00,-57
2015-08-27 12:15:00,-57
2015-08-27 12:20:00,-59
2015-08-27 12:25:00,-60
2015-08-27 12:30:00,-62
2015-08-27 12:35:00,-62
2015-08-27 12:40:00,-62
2015-08-27 12:45:00,-63
2015-08-27 12:50:00,-63
2015-08-27 12:55:00,-63
2015-08-27 13:00:00,-63
2015-08-27 13:05:00,-62
2015-08-27 13:10:00,-60
2015-08-27 13:15:00,-60
2015-08-27 13:20:00,-59
2015-08-27 13:25:00,-58
2015-08-27 13:30:00,-57
2015-08-27 13:35:00,-58
2015-08-27 13:40:00,-59
2015-08-27 13:45:00,-59
2015-08-27 13:50:00,-58
2015-08-27 13:55:00,-58
2015-08-27 14:00:00,-57
2015-08-27 14:05:00,-57
2015-08-27 14:10:00,-57
2015-08-27 14:15:00,-56
2015-08-27 14:20:00,-56
2015-08-27 14:25:00,-56
2015-08-27 14:30:00,-56
2015-08-27 14:35:00,-55
2015-08-27 14:40:00,-54
2015-08-27 14:45:00,-53
2015-08-27 14:50:00,-53
2015-08-27 14:55:00,-53
2015-08-27 15:00:00,-53
2015-08-27 15:05:00,-54
2015-08-27 15:10:00,-55
2015-08-27 15:15:00,-56
2015-08-27 15:20:00,-58
2015-08-27 15:25:00,-59
2015-08-27 15:30:00,-60
2015-08-27 15:35:00,-61
2015-08-27 15:40:00,-61
2015-08-27 15:45:00,-59
2015-08-27 15:50:00,-58
2015-08-27 15:55:00,-57
2015-08-27 16:00:00,-58
2015-08-27 16:05:00,-59
2015-08-27 16:10:00,-59
2015-08-27 16:15:00,-61
2015-08-27 16:20:00,-61
2015-08-27 16:25:00,-61
2015-08-27 16:30:00,-60
2015-08-27 16:35:00,-61
2015-08-27 16:40:00,-60
2015-08-27 16:45:00,-60
2015-08-27 16:50:00,-61
2015-08-27 16:55:00,-64
2015-08-27 17:00:00,-66
2015-08-27 17:05:00,-67
2015-08-27 17:10:00,-68
2015-08-27 17:15:00,-68
2015-08-27 17:20:00,-69
2015-08-27 17:25:00,-70
2015-08-27 17:30:00,-70
2015-08-27 17:35:00,-70
2015-08-27 17:40:00,-70
2015-08-27 17:45:00,-70
2015-08-27 17:50:00,-69
2015-08-27 17:55:00,-70
2015-08-27 18:00:00,-72
2015-08-27 18:05:00,-74
2015-08-27 18:10:00,-77
2015-08-27 18:15:00,-79
2015-08-27 18:20:00,-81
2015-08-27 18:25:00,-83
2015-08-27 18:30:00,-84
2015-08-27 18:35:00,-85
2015-08-27 18:40:00,-85
2015-08-27 18:45:00,-85
2015-08-27 18:50:00,-86
2015-08-27 18:55:00,-84
2015-08-27 19:00:00,-85
2015-08-27 19:05:00,-90
2015-08-27 19:10:00,-92
2015-08-27 19:15:00,-93
2015-08-27 19:20:00,-93
2015-08-27 19:25:00,-94
2015-08-27 19:30:00,-94
2015-08-27 19:35:00,-94
2015-08-27 19:40:00,-95
2015-08-27 19:45:00,-95
2015-08-27 19:50:00,-93
2015-08-27 19:55:00,-90
2015-08-27 20:00:00,-91
2015-08-27 20:05:00,-95
2015-08-27 20:10:00,-97
2015-08-27 20:15:00,-98
2015-08-27 20:20:00,-97
2015-08-27 20:25:00,-97
2015-08-27 20:30:00,-100
2015-08-27 20:35:00,-99
2015-08-27 20:40:00,-96
2015-08-27 20:45:00,-93
2015-08-27 20:50:00,-91
2015-08-27 20:55:00,-92
2015-08-27 21:00:00,-93
2015-08-27 21:05:00,-92
2015-08-27 21:10:00,-91
2015-08-27 21:15:00,-89
2015-08-27 21:20:00,-87
2015-08-27 21:25:00,-83
2015-08-27 21:30:00,-85
2015-08-27 21:35:00,-88
2015-08-27 21:40:00,-90
2015-08-27 21:45:00,-88
2015-08-27 21:50:00,-84
2015-08-27 21:55:00,-83
2015-08-27 22:00:00,-85
2015-08-27 22:05:00,-84
2015-08-27 22:10:00,-83
2015-08-27 22:15:00,-83
2015-08-27 22:20:00,-81
2015-08-27 22:25:00,-81
2015-08-27 22:30:00,-83
2015-08-27 22:35:00,-86
2015-08-27 22:40:00,-85
2015-08-27 22:45:00,-84
2015-08-27 22:50:00,-84
2015-08-27 22:55:00,-83
2015-08-27 23:00:00,-83
2015-08-27 23:05:00,-84
2015-08-27 23:10:00,-84
2015-08-27 23:15:00,-81
2015-08-27 23:20:00,-77
2015-08-27 23:25:00,-74
2015-08-27 23:30:00,-73
2015-08-27 23:35:00,-69
2015-08-27 23:40:00,-67
2015-08-27 23:45:00,-64
2015-08-27 23:50:00,-63
2015-08-27 23:55:00,-64
2015-08-28 00:00:00,-71
2015-08-28 00:05:00,-70
2015-08-28 00:10:00,-70
2015-08-28 00:15:00,-68
2015-08-28 00:20:00,-65
2015-08-28 00:25:00,-64
2015-08-28 00:30:00,-64
2015-08-28 00:35:00,-63
2015-08-28 00:40:00,-61
2015-08-28 00:45:00,-58
2015-08-28 00:50:00,-56
2015-08-28 00:55:00,-54
2015-08-28 01:00:00,-52
2015-08-28 01:05:00,-51
2015-08-28 01:10:00,-49
2015-08-28 01:15:00,-48
2015-08-28 01:20:00,-47
2015-08-28 01:25:00,-46
2015-08-28 01:30:00,-47
2015-08-28 01:35:00,-45
2015-08-28 01:40:00,-45
2015-08-28 01:45:00,-46
2015-08-28 01:50:00,-45
2015-08-28 01:55:00,-44
2015-08-28 02:00:00,-44
2015-08-28 02:05:00,-43
2015-08-28 02:10:00,-42
2015-08-28 02:15:00,-41
2015-08-28 02:20:00,-41
2015-08-28 02:25:00,-41
2015-08-28 02:30:00,-44
2015-08-28 02:35:00,-42
2015-08-28 02:40:00,-44
2015-08-28 02:45:00,-43
2015-08-28 02:50:00,-44
2015-08-28 02:55:00,-45
2015-08-28 03:00:00,-48
2015-08-28 03:05:00,-51
2015-08-28 03:10:00,-52
2015-08-28 03:15:00,-54
2015-08-28 03:20:00,-55
2015-08-28 03:25:00,-56
2015-08-28 03:30:00,-57
2015-08-28 03:35:00,-59
2015-08-28 03:40:00,-60
2015-08-28 03:45:00,-61
2015-08-28 03:50:00,-64
2015-08-28 03:55:00,-67
2015-08-28 04:00:00,-68
2015-08-28 04:05:00,-68
2015-08-28 04:10:00,-67
2015-08-28 04:15:00,-66
2015-08-28 04:20:00,-67
2015-08-28 04:25:00,-69
2015-08-28 04:30:00,-71
2015-08-28 04:35:00,-73
2015-08-28 04:40:00,-75
2015-08-28 04:45:00,-76
2015-08-28 04:50:00,-77
2015-08-28 04:55:00,-77
2015-08-28 05:00:00,-76
2015-08-28 05:05:00,-79
2015-08-28 05:10:00,-79
2015-08-28 05:15:00,-78
2015-08-28 05:20:00,-77
2015-08-28 05:25:00,-78
2015-08-28 05:30:00,-78
2015-08-28 05:35:00,-79
2015-08-28 05:40:00,-81
2015-08-28 05:45:00,-83
2015-08-28 05:50:00,-84
2015-08-28 05:55:00,-83
2015-08-28 06:00:00,-83
2015-08-28 06:05:00,-83
2015-08-28 06:10:00,-84
2015-08-28 06:15:00,-83
2015-08-28 06:20:00,-83
2015-08-28 06:25:00,-85
2015-08-28 06:30:00,-83
2015-08-28 06:35:00,-81
2015-08-28 06:40:00,-81
2015-08-28 06:45:00,-82
2015-08-28 06:50:00,-83
2015-08-28 06:55:00,-82
2015-08-28 07:00:00,-81
2015-08-28 07:05:00,-80
2015-08-28 07:10:00,-81
2015-08-28 07:15:00,-81
2015-08-28 07:20:00,-81
2015-08-28 07:25:00,-81
2015-08-28 07:30:00,-81
2015-08-28 07:35:00,-81
2015-08-28 07:40:00,-82
2015-08-28 07:45:00,-83
2015-08-28 07:50:00,-83
2015-08-28 07:55:00,-83
2015-08-28 08:00:00,-83
2015-08-28 08:05:00,-84
2015-08-28 08:10:00,-85
2015-08-28 08:15:00,-85
2015-08-28 08:20:00,-84
2015-08-28 08:25:00,-86
2015-08-28 08:30:00,-88
2015-08-28 08:35:00,-89
2015-08-28 08:40:00,-90
2015-08-28 08:45:00,-89
2015-08-28 08:50:00,-87
2015-08-28 08:55:00,-86
2015-08-28 09:00:00,-86
2015-08-28 09:05:00,-84
2015-08-28 09:10:00,-84
2015-08-28 09:15:00,-83
2015-08-28 09:20:00,-85
2015-08-28 09:25:00,-86
2015-08-28 09:30:00,-86
2015-08-28 09:35:00,-85
2015-08-28 09:40:00,-83
2015-08-28 09:45:00,-81
2015-08-28 09:50:00,-80
2015-08-28 09:55:00,-82
2015-08-28 10:00:00,-85
2015-08-28 10:05:00,-85
2015-08-28 10:10:00,-84
2015-08-28 10:15:00,-84
2015-08-28 10:20:00,-83
2015-08-28 10:25:00,-83
2015-08-28 10:30:00,-85
2015-08-28 10:35:00,-85
2015-08-28 10:40:00,-85
2015-08-28 10:45:00,-84
2015-08-28 10:50:00,-83
2015-08-28 10:55:00,-81
2015-08-28 11:00:00,-79
2015-08-28 11:05:00,-78
2015-08-28 11:10:00,-77
2015-08-28 11:15:00,-76
2015-08-28 11:20:00,-75
2015-08-28 11:25:00,-74
2015-08-28 11:30:00,-73
2015-08-28 11:35:00,-73
2015-08-28 11:40:00,-72
2015-08-28 11:45:00,-72
2015-08-28 11:50:00,-72
2015-08-28 11:55:00,-71
2015-08-28 12:00:00,-71
2015-08-28 12:05:00,-71
2015-08-28 12:10:00,-71
2015-08-28 12:15:00,-71
2015-08-28 12:20:00,-70
2015-08-28 12:25:00,-69
2015-08-28 12:30:00,-68
2015-08-28 12:35:00,-68
2015-08-28 12:40:00,-67
2015-08-28 12:45:00,-65
2015-08-28 12:50:00,-56
2015-08-28 12:55:00,-60
2015-08-28 13:00:00,-62
2015-08-28 13:05:00,-59
2015-08-28 13:10:00,-59
2015-08-28 13:15:00,-58
2015-08-28 13:20:00,-57
2015-08-28 13:25:00,-55
2015-08-28 13:30:00,-54
2015-08-28 13:35:00,-52
2015-08-28 13:40:00,-51
2015-08-28 13:45:00,-51
2015-08-28 13:50:00,-51
2015-08-28 13:55:00,-50
2015-08-28 14:00:00,-48
2015-08-28 14:05:00,-48
2015-08-28 14:10:00,-49
2015-08-28 14:15:00,-49
2015-08-28 14:20:00,-47
2015-08-28 14:25:00,-47
2015-08-28 14:30:00,-49
2015-08-28 14:35:00,-50
2015-08-28 14:40:00,-51
2015-08-28 14:45:00,-53
2015-08-28 14:50:00,-56
2015-08-28 14:55:00,-56
2015-08-28 15:00:00,-58
2015-08-28 15:05:00,-59
2015-08-28 15:10:00,-61
2015-08-28 15:15:00,-63
2015-08-28 15:20:00,-63
2015-08-28 15:25:00,-62
2015-08-28 15:30:00,-62
2015-08-28 15:35:00,-61
2015-08-28 15:40:00,-60
2015-08-28 15:45:00,-60
2015-08-28 15:50:00,-59
2015-08-28 15:55:00,-60
2015-08-28 16:00:00,-61
2015-08-28 16:05:00,-61
2015-08-28 16:10:00,-61
2015-08-28 16:15:00,-60
2015-08-28 16:20:00,-59
2015-08-28 16:25:00,-59
2015-08-28 16:30:00,-59
2015-08-28 16:35:00,-59
2015-08-28 16:40:00,-58
2015-08-28 16:45:00,-59
2015-08-28 16:50:00,-59
2015-08-28 16:55:00,-59
2015-08-28 17:00:00,-59
2015-08-28 17:05:00,-61
2015-08-28 17:10:00,-62
2015-08-28 17:15:00,-64
2015-08-28 17:20:00,-68
2015-08-28 17:25:00,-69
2015-08-28 17:30:00,-72
2015-08-28 17:35:00,-73
2015-08-28 17:40:00,-72
2015-08-28 17:45:00,-72
2015-08-28 17:50:00,-69
2015-08-28 17:55:00,-66
2015-08-28 18:00:00,-68
2015-08-28 18:05:00,-72
2015-08-28 18:10:00,-74
2015-08-28 18:15:00,-76
2015-08-28 18:20:00,-79
2015-08-28 18:25:00,-82
2015-08-28 18:30:00,-81
2015-08-28 18:35:00,-73
2015-08-28 18:40:00,-69
2015-08-28 18:45:00,-68
2015-08-28 18:50:00,-68
2015-08-28 18:55:00,-67
2015-08-28 19:00:00,-68
2015-08-28 19:05:00,-69
2015-08-28 19:10:00,-69
2015-08-28 19:15:00,-69
2015-08-28 19:20:00,-65
2015-08-28 19:25:00,-64
2015-08-28 19:30:00,-62
2015-08-28 19:35:00,-59
2015-08-28 19:40:00,-54
2015-08-28 19:45:00,-53
2015-08-28 19:50:00,-50
2015-08-28 19:55:00,-50
2015-08-28 20:00:00,-49
2015-08-28 20:05:00,-52
2015-08-28 20:10:00,-54
2015-08-28 20:15:00,-56
2015-08-28 20:20:00,-57
2015-08-28 20:25:00,-57
2015-08-28 20:30:00,-55
2015-08-28 20:35:00,-55
2015-08-28 20:40:00,-52
2015-08-28 20:45:00,-51
2015-08-28 20:50:00,-57
2015-08-28 20:55:00,-58
2015-08-28 21:00:00,-55
2015-08-28 21:05:00,-53
2015-08-28 21:10:00,-52
2015-08-28 21:15:00,-49
2015-08-28 21:20:00,-47
2015-08-28 21:25:00,-44
2015-08-28 21:30:00,-44
2015-08-28 21:35:00,-43
2015-08-28 21:40:00,-42
2015-08-28 21:45:00,-42
2015-08-28 21:50:00,-43
2015-08-28 21:55:00,-42
2015-08-28 22:00:00,-41
2015-08-28 22:05:00,-40
2015-08-28 22:10:00,-39
2015-08-28 22:15:00,-40
2015-08-28 22:20:00,-35
2015-08-28 22:25:00,-39
2015-08-28 22:30:00,-43
2015-08-28 22:35:00,-45
2015-08-28 22:40:00,-46
2015-08-28 22:45:00,-47
2015-08-28 22:50:00,-48
2015-08-28 22:55:00,-47
2015-08-28 23:00:00,-45
2015-08-28 23:05:00,-44
2015-08-28 23:10:00,-42
2015-08-28 23:15:00,-41
2015-08-28 23:20:00,-40
2015-08-28 23:25:00,-40
2015-08-28 23:30:00,-38
2015-08-28 23:35:00,-38
2015-08-28 23:40:00,-38
2015-08-28 23:45:00,-39
2015-08-28 23:50:00,-37
2015-08-28 23:55:00,-33
2015-08-29 00:00:00,-31
2015-08-29 00:05:00,-31
2015-08-29 00:10:00,-32
2015-08-29 00:15:00,-32
2015-08-29 00:20:00,-35
2015-08-29 00:25:00,-37
2015-08-29 00:30:00,-37
2015-08-29 00:35:00,-39
2015-08-29 00:40:00,-41
2015-08-29 00:45:00,-42
2015-08-29 00:50:00,-46
2015-08-29 00:55:00,-51
2015-08-29 01:00:00,-51
2015-08-29 01:05:00,-54
2015-08-29 01:10:00,-54
2015-08-29 01:15:00,-51
2015-08-29 01:20:00,-48
2015-08-29 01:25:00,-45
2015-08-29 01:30:00,-43
2015-08-29 01:35:00,-40
2015-08-29 01:40:00,-38
2015-08-29 01:45:00,-38
2015-08-29 01:50:00,-38
2015-08-29 01:55:00,-39
2015-08-29 02:00:00,-38
2015-08-29 02:05:00,-36
2015-08-29 02:10:00,-35
2015-08-29 02:15:00,-35
2015-08-29 02:20:00,-33
2015-08-29 02:25:00,-32
2015-08-29 02:30:00,-32
2015-08-29 02:35:00,-32
2015-08-29 02:40:00,-35
2015-08-29 02:45:00,-38
2015-08-29 02:50:00,-40
2015-08-29 02:55:00,-41
2015-08-29 03:00:00,-38
2015-08-29 03:05:00,-34
2015-08-29 03:10:00,-35
2015-08-29 03:15:00,-36
2015-08-29 03:20:00,-38
2015-08-29 03:25:00,-40
2015-08-29 03:30:00,-39
2015-08-29 03:35:00,-40
2015-08-29 03:40:00,-38
2015-08-29 03:45:00,-36
2015-08-29 03:50:00,-35
2015-08-29 03:55:00,-35
2015-08-29 04:00:00,-38
2015-08-29 04:05:00,-42
2015-08-29 04:10:00,-39
2015-08-29 04:15:00,-38
2015-08-29 04:20:00,-37
2015-08-29 04:25:00,-37
2015-08-29 04:30:00,-37
2015-08-29 04:35:00,-37
2015-08-29 04:40:00,-36
2015-08-29 04:45:00,-34
2015-08-29 04:50:00,-33
2015-08-29 04:55:00,-31
2015-08-29 05:00:00,-32
2015-08-29 05:05:00,-33
2015-08-29 05:10:00,-32
2015-08-29 05:15:00,-34
2015-08-29 05:20:00,-35
2015-08-29 05:25:00,-34
2015-08-29 05:30:00,-33
2015-08-29 05:35:00,-33
2015-08-29 05:40:00,-33
2015-08-29 05:45:00,-32
2015-08-29 05:50:00,-30
2015-08-29 05:55:00,-30
2015-08-29 06:00:00,-30
2015-08-29 06:05:00,-32
2015-08-29 06:10:00,-32
2015-08-29 06:15:00,-33
2015-08-29 06:20:00,-32
2015-08-29 06:25:00,-33
2015-08-29 06:30:00,-33
2015-08-29 06:35:00,-32
2015-08-29 06:40:00,-31
2015-08-29 06:45:00,-30
2015-08-29 06:50:00,-31
2015-08-29 06:55:00,-31
2015-08-29 07:00:00,-29
2015-08-29 07:05:00,-28
2015-08-29 07:10:00,-29
2015-08-29 07:15:00,-30
2015-08-29 07:20:00,-31
2015-08-29 07:25:00,-34
2015-08-29 07:30:00,-36
2015-08-29 07:35:00,-35
2015-08-29 07:40:00,-34
2015-08-29 07:45:00,-35
2015-08-29 07:50:00,-34
2015-08-29 07:55:00,-35
2015-08-29 08:00:00,-36
2015-08-29 08:05:00,-37
2015-08-29 08:10:00,-35
2015-08-29 08:15:00,-34
2015-08-29 08:20:00,-34
2015-08-29 08:25:00,-34
2015-08-29 08:30:00,-33
2015-08-29 08:35:00,-33
2015-08-29 08:40:00,-32
2015-08-29 08:45:00,-32
2015-08-29 08:50:00,-32
2015-08-29 08:55:00,-30
2015-08-29 09:00:00,-29
2015-08-29 09:05:00,-29
2015-08-29 09:10:00,-27
2015-08-29 09:15:00,-28
2015-08-29 09:20:00,-29
2015-08-29 09:25:00,-31
2015-08-29 09:30:00,-32
2015-08-29 09:35:00,-32
2015-08-29 09:40:00,-32
2015-08-29 09:45:00,-32
2015-08-29 09:50:00,-31
2015-08-29 09:55:00,-29
2015-08-29 10:00:00,-27
2015-08-29 10:05:00,-27
2015-08-29 10:10:00,-28
2015-08-29 10:15:00,-29
2015-08-29 10:20:00,-30
2015-08-29 10:25:00,-30
2015-08-29 10:30:00,-30
2015-08-29 10:35:00,-30
2015-08-29 10:40:00,-30
2015-08-29 10:45:00,-30
2015-08-29 10:50:00,-30
2015-08-29 10:55:00,-29
2015-08-29 11:00:00,-28
2015-08-29 11:05:00,-27
2015-08-29 11:10:00,-27
2015-08-29 11:15:00,-27
2015-08-29 11:20:00,-27
2015-08-29 11:25:00,-26
2015-08-29 11:30:00,-26
2015-08-29 11:35:00,-25
2015-08-29 11:40:00,-24
2015-08-29 11:45:00,-24
2015-08-29 11:50:00,-25
2015-08-29 11:55:00,-25
2015-08-29 12:00:00,-23
2015-08-29 12:05:00,-23
2015-08-29 12:10:00,-23
2015-08-29 12:15:00,-22
2015-08-29 12:20:00,-22
2015-08-29 12:25:00,-22
2015-08-29 12:30:00,-21
2015-08-29 12:35:00,-20
2015-08-29 12:40:00,-20
2015-08-29 12:45:00,-20
2015-08-29 12:50:00,-19
2015-08-29 12:55:00,-19
2015-08-29 13:00:00,-19
2015-08-29 13:05:00,-17
2015-08-29 13:10:00,-17
2015-08-29 13:15:00,-17
2015-08-29 13:20:00,-18
2015-08-29 13:25:00,-18
2015-08-29 13:30:00,-17
2015-08-29 13:35:00,-17
2015-08-29 13:40:00,-17
2015-08-29 13:45:00,-17
2015-08-29 13:50:00,-16
2015-08-29 13:55:00,-16
2015-08-29 14:00:00,-17
2015-08-29 14:05:00,-17
2015-08-29 14:10:00,-17
2015-08-29 14:15:00,-18
2015-08-29 14:20:00,-17
2015-08-29 14:25:00,-17
2015-08-29 14:30:00,-17
2015-08-29 14:35:00,-18
2015-08-29 14:40:00,-19
2015-08-29 14:45:00,-20
2015-08-29 14:50:00,-21
2015-08-29 14:55:00,-21
2015-08-29 15:00:00,-22
2015-08-29 15:05:00,-22
2015-08-29 15:10:00,-23
2015-08-29 15:15:00,-22
2015-08-29 15:20:00,-22
2015-08-29 15:25:00,-23
2015-08-29 15:30:00,-23
2015-08-29 15:35:00,-22
2015-08-29 15:40:00,-22
2015-08-29 15:45:00,-22
2015-08-29 15:50:00,-23
2015-08-29 15:55:00,-24
2015-08-29 16:00:00,-26
2015-08-29 16:05:00,-28
2015-08-29 16:10:00,-30
2015-08-29 16:15:00,-31
2015-08-29 16:20:00,-32
2015-08-29 16:25:00,-32
2015-08-29 16:30:00,-32
2015-08-29 16:35:00,-31
2015-08-29 16:40:00,-31
2015-08-29 16:45:00,-30
2015-08-29 16:50:00,-30
2015-08-29 16:55:00,-30
2015-08-29 17:00:00,-30
2015-08-29 17:05:00,-32
2015-08-29 17:10:00,-32
2015-08-29 17:15:00,-32
2015-08-29 17:20:00,-30
2015-08-29 17:25:00,-29
2015-08-29 17:30:00,-29
2015-08-29 17:35:00,-30
2015-08-29 17:40:00,-28
2015-08-29 17:45:00,-28
2015-08-29 17:50:00,-28
2015-08-29 17:55:00,-29
2015-08-29 18:00:00,-29
2015-08-29 18:05:00,-30
2015-08-29 18:10:00,-31
2015-08-29 18:15:00,-32
2015-08-29 18:20:00,-32
2015-08-29 18:25:00,-32
2015-08-29 18:30:00,-31
2015-08-29 18:35:00,-32
2015-08-29 18:40:00,-31
2015-08-29 18:45:00,-31
2015-08-29 18:50:00,-30
2015-08-29 18:55:00,-29
2015-08-29 19:00:00,-29
2015-08-29 19:05:00,-28
2015-08-29 19:10:00,-27
2015-08-29 19:15:00,-26
2015-08-29 19:20:00,-25
2015-08-29 19:25:00,-26
2015-08-29 19:30:00,-24
2015-08-29 19:35:00,-24
2015-08-29 19:40:00,-23
2015-08-29 19:45:00,-23
2015-08-29 19:50:00,-23
2015-08-29 19:55:00,-23
2015-08-29 20:00:00,-22
2015-08-29 20:05:00,-21
2015-08-29 20:10:00,-20
2015-08-29 20:15:00,-20
2015-08-29 20:20:00,-20
2015-08-29 20:25:00,-19
2015-08-29 20:30:00,-17
2015-08-29 20:35:00,-19
2015-08-29 20:40:00,-19
2015-08-29 20:45:00,-19
2015-08-29 20:50:00,-19
2015-08-29 20:55:00,-18
2015-08-29 21:00:00,-17
2015-08-29 21:05:00,-18
2015-08-29 21:10:00,-18
2015-08-29 21:15:00,-18
2015-08-29 21:20:00,-18
2015-08-29 21:25:00,-18
2015-08-29 21:30:00,-16
2015-08-29 21:35:00,-17
2015-08-29 21:40:00,-18
2015-08-29 21:45:00,-19
2015-08-29 21:50:00,-20
2015-08-29 21:55:00,-19
2015-08-29 22:00:00,-18
2015-08-29 22:05:00,-17
2015-08-29 22:10:00,-19
2015-08-29 22:15:00,-17
2015-08-29 22:20:00,-17
2015-08-29 22:25:00,-16
2015-08-29 22:30:00,-16
2015-08-29 22:35:00,-15
2015-08-29 22:40:00,-15
2015-08-29 22:45:00,-15
2015-08-29 22:50:00,-15
2015-08-29 22:55:00,-15
2015-08-29 23:00:00,-14
2015-08-29 23:05:00,-14
2015-08-29 23:10:00,-14
2015-08-29 23:15:00,-15
2015-08-29 23:20:00,-15
2015-08-29 23:25:00,-15
2015-08-29 23:30:00,-14
2015-08-29 23:35:00,-15
2015-08-29 23:40:00,-17
2015-08-29 23:45:00,-18
2015-08-29 23:50:00,-18
2015-08-29 23:55:00,-18
2015-08-30 00:00:00,-18
2015-08-30 00:05:00,-17
2015-08-30 00:10:00,-18
2015-08-30 00:15:00,-17
2015-08-30 00:20:00,-17
2015-08-30 00:25:00,-16
2015-08-30 00:30:00,-16
2015-08-30 00:35:00,-17
2015-08-30 00:40:00,-16
2015-08-30 00:45:00,-16
2015-08-30 00:50:00,-17
2015-08-30 00:55:00,-16
2015-08-30 01:00:00,-16
2015-08-30 01:05:00,-16
2015-08-30 01:10:00,-16
2015-08-30 01:15:00,-17
2015-08-30 01:20:00,-16
2015-08-30 01:25:00,-16
2015-08-30 01:30:00,-15
2015-08-30 01:35:00,-15
2015-08-30 01:40:00,-15
2015-08-30 01:45:00,-16
2015-08-30 01:50:00,-16
2015-08-30 01:55:00,-16
2015-08-30 02:00:00,-15
2015-08-30 02:05:00,-15
2015-08-30 02:10:00,-15
2015-08-30 02:15:00,-16
2015-08-30 02:20:00,-16
2015-08-30 02:25:00,-15
2015-08-30 02:30:00,-15
2015-08-30 02:35:00,-15
2015-08-30 02:40:00,-16
2015-08-30 02:45:00,-15
2015-08-30 02:50:00,-15
2015-08-30 02:55:00,-15
2015-08-30 03:00:00,-15
2015-08-30 03:05:00,-15
2015-08-30 03:10:00,-16
2015-08-30 03:15:00,-15
2015-08-30 03:20:00,-14
2015-08-30 03:25:00,-12
2015-08-30 03:30:00,-12
2015-08-30 03:35:00,-13
2015-08-30 03:40:00,-12
2015-08-30 03:45:00,-12
2015-08-30 03:50:00,-12
2015-08-30 03:55:00,-13
2015-08-30 04:00:00,-13
2015-08-30 04:05:00,-13
2015-08-30 04:10:00,-12
2015-08-30 04:15:00,-12
2015-08-30 04:20:00,-11
2015-08-30 04:25:00,-10
2015-08-30 04:30:00,-11
2015-08-30 04:35:00,-12
2015-08-30 04:40:00,-12
2015-08-30 04:45:00,-12
2015-08-30 04:50:00,-13
2015-08-30 04:55:00,-13
2015-08-30 05:00:00,-15
2015-08-30 05:05:00,-15
2015-08-30 05:10:00,-14
2015-08-30 05:15:00,-14
2015-08-30 05:20:00,-13
2015-08-30 05:25:00,-13
2015-08-30 05:30:00,-14
2015-08-30 05:35:00,-14
2015-08-30 05:40:00,-14
2015-08-30 05:45:00,-14
2015-08-30 05:50:00,-14
2015-08-30 05:55:00,-15
2015-08-30 06:00:00,-14
2015-08-30 06:05:00,-14
2015-08-30 06:10:00,-15
2015-08-30 06:15:00,-15
2015-08-30 06:20:00,-15
2015-08-30 06:25:00,-16
2015-08-30 06:30:00,-16
2015-08-30 06:35:00,-17
2015-08-30 06:40:00,-17
2015-08-30 06:45:00,-17
2015-08-30 06:50:00,-17
2015-08-30 06:55:00,-17
2015-08-30 07:00:00,-17
2015-08-30 07:05:00,-15
2015-08-30 07:10:00,-15
2015-08-30 07:15:00,-15
2015-08-30 07:20:00,-14
2015-08-30 07:25:00,-15
2015-08-30 07:30:00,-16
2015-08-30 07:35:00,-15
2015-08-30 07:40:00,-15
2015-08-30 07:45:00,-15
2015-08-30 07:50:00,-15
2015-08-30 07:55:00,-15
2015-08-30 08:00:00,-15
2015-08-30 08:05:00,-15
2015-08-30 08:10:00,-16
2015-08-30 08:15:00,-16
2015-08-30 08:20:00,-17
2015-08-30 08:25:00,-16
2015-08-30 08:30:00,-17
2015-08-30 08:35:00,-18
2015-08-30 08:40:00,-18
2015-08-30 08:45:00,-17
2015-08-30 08:50:00,-16
2015-08-30 08:55:00,-14
2015-08-30 09:00:00,-15
2015-08-30 09:05:00,-14
2015-08-30 09:10:00,-13
2015-08-30 09:15:00,-13
2015-08-30 09:20:00,-14
2015-08-30 09:25:00,-14
2015-08-30 09:30:00,-15
2015-08-30 09:35:00,-15
2015-08-30 09:40:00,-15
2015-08-30 09:45:00,-15
2015-08-30 09:50:00,-15
2015-08-30 09:55:00,-15
2015-08-30 10:00:00,-15
2015-08-30 10:05:00,-15
2015-08-30 10:10:00,-15
2015-08-30 10:15:00,-15
2015-08-30 10:20:00,-14
2015-08-30 10:25:00,-14
2015-08-30 10:30:00,-14
2015-08-30 10:35:00,-14
2015-08-30 10:40:00,-15
2015-08-30 10:45:00,-15
2015-08-30 10:50:00,-15
2015-08-30 10:55:00,-16
2015-08-30 11:00:00,-16
2015-08-30 11:05:00,-16
2015-08-30 11:10:00,-16
2015-08-30 11:15:00,-16
2015-08-30 11:20:00,-16
2015-08-30 11:25:00,-16
2015-08-30 11:30:00,-15
2015-08-30 11:35:00,-15
2015-08-30 11:40:00,-14
2015-08-30 11:45:00,-14
2015-08-30 11:50:00,-15
2015-08-30 11:55:00,-15
2015-08-30 12:00:00,-15
2015-08-30 12:05:00,-15
2015-08-30 12:10:00,-15
2015-08-30 12:15:00,-15
2015-08-30 12:20:00,-14
2015-08-30 12:25:00,-14
2015-08-30 12:30:00,-13
2015-08-30 12:35:00,-12
2015-08-30 12:40:00,-12
2015-08-30 12:45:00,-12
2015-08-30 12:50:00,-12
2015-08-30 12:55:00,-11
2015-08-30 13:00:00,-11
2015-08-30 13:05:00,-11
2015-08-30 13:10:00,-11
2015-08-30 13:15:00,-11
2015-08-30 13:20:00,-11
2015-08-30 13:25:00,-11
2015-08-30 13:30:00,-11
2015-08-30 13:35:00,-11
2015-08-30 13:40:00,-11
2015-08-30 13:45:00,-11
2015-08-30 13:50:00,-11
2015-08-30 13:55:00,-11
2015-08-30 14:00:00,-11
2015-08-30 14:05:00,-11
2015-08-30 14:10:00,-11
2015-08-30 14:15:00,-11
2015-08-30 14:20:00,-11
2015-08-30 14:25:00,-11
2015-08-30 14:30:00,-11
2015-08-30 14:35:00,-10
2015-08-30 14:40:00,-11
2015-08-30 14:45:00,-11
2015-08-30 14:50:00,-11
2015-08-30 14:55:00,-11
2015-08-30 15:00:00,-11
2015-08-30 15:05:00,-11
2015-08-30 15:10:00,-11
2015-08-30 15:15:00,-11
2015-08-30 15:20:00,-11
2015-08-30 15:25:00,-11
2015-08-30 15:30:00,-10
2015-08-30 15:35:00,-10
2015-08-30 15:40:00,-10
2015-08-30 15:45:00,-10
2015-08-30 15:50:00,-10
2015-08-30 15:55:00,-10
2015-08-30 16:00:00,-12
2015-08-30 16:05:00,-13
2015-08-30 16:10:00,-13
2015-08-30 16:15:00,-13
2015-08-30 16:20:00,-12
2015-08-30 16:25:00,-12
2015-08-30 16:30:00,-12
2015-08-30 16:35:00,-11
2015-08-30 16:40:00,-11
2015-08-30 16:45:00,-11
2015-08-30 16:50:00,-11
2015-08-30 16:55:00,-11
2015-08-30 17:00:00,-10
2015-08-30 17:05:00,-11
2015-08-30 17:10:00,-11
2015-08-30 17:15:00,-11
2015-08-30 17:20:00,-11
2015-08-30 17:25:00,-11
2015-08-30 17:30:00,-11
2015-08-30 17:35:00,-11
2015-08-30 17:40:00,-10
2015-08-30 17:45:00,-10
2015-08-30 17:50:00,-11
2015-08-30 17:55:00,-10
2015-08-30 18:00:00,-10
2015-08-30 18:05:00,-11
2015-08-30 18:10:00,-11
2015-08-30 18:15:00,-11
2015-08-30 18:20:00,-11
2015-08-30 18:25:00,-11
2015-08-30 18:30:00,-11
2015-08-30 18:35:00,-11
2015-08-30 18:40:00,-10
2015-08-30 18:45:00,-10
2015-08-30 18:50:00,-10
2015-08-30 18:55:00,-10
2015-08-30 19:00:00,-10
2015-08-30 19:05:00,-10
2015-08-30 19:10:00,-10
2015-08-30 19:15:00,-9
2015-08-30 19:20:00,-9
2015-08-30 19:25:00,-9
2015-08-30 19:30:00,-9
2015-08-30 19:35:00,-9
2015-08-30 19:40:00,-9
2015-08-30 19:45:00,-9
2015-08-30 19:50:00,-8
2015-08-30 19:55:00,-8
2015-08-30 20:00:00,-7
2015-08-30 20:05:00,-6
2015-08-30 20:10:00,-8
2015-08-30 20:15:00,-9
2015-08-30 20:20:00,-8
2015-08-30 20:25:00,-8
2015-08-30 20:30:00,-8
2015-08-30 20:35:00,-7
2015-08-30 20:40:00,-7
2015-08-30 20:45:00,-6
2015-08-30 20:50:00,-7
2015-08-30 20:55:00,-7
2015-08-30 21:00:00,-7
2015-08-30 21:05:00,-8
2015-08-30 21:10:00,-8
2015-08-30 21:15:00,-8
2015-08-30 21:20:00,-7
2015-08-30 21:25:00,-7
2015-08-30 21:30:00,-7
2015-08-30 21:35:00,-8
2015-08-30 21:40:00,-8
2015-08-30 21:45:00,-8
2015-08-30 21:50:00,-8
2015-08-30 21:55:00,-7
2015-08-30 22:00:00,-7
2015-08-30 22:05:00,-7
2015-08-30 22:10:00,-6
2015-08-30 22:15:00,-6
2015-08-30 22:20:00,-5
2015-08-30 22:25:00,-5
2015-08-30 22:30:00,-4
2015-08-30 22:35:00,-4
2015-08-30 22:40:00,-4
2015-08-30 22:45:00,-4
2015-08-30 22:50:00,-5
2015-08-30 22:55:00,-5
2015-08-30 23:00:00,-5
2015-08-30 23:05:00,-4
2015-08-30 23:10:00,-3
2015-08-30 23:15:00,-4
2015-08-30 23:20:00,-5
2015-08-30 23:25:00,-5
2015-08-30 23:30:00,-6
2015-08-30 23:35:00,-7
2015-08-30 23:40:00,-7
2015-08-30 23:45:00,-8
2015-08-30 23:50:00,-8
2015-08-30 23:55:00,-7
2015-08-31 00:00:00,-8
2015-08-31 00:05:00,-9
2015-08-31 00:10:00,-9
2015-08-31 00:15:00,-12
2015-08-31 00:20:00,-13
2015-08-31 00:25:00,-14
2015-08-31 00:30:00,-14
2015-08-31 00:35:00,-14
2015-08-31 00:40:00,-13
2015-08-31 00:45:00,-13
2015-08-31 00:50:00,-13
2015-08-31 00:55:00,-12
2015-08-31 01:00:00,-12
2015-08-31 01:05:00,-13
2015-08-31 01:10:00,-13
2015-08-31 01:15:00,-13
2015-08-31 01:20:00,-13
2015-08-31 01:25:00,-14
2015-08-31 01:30:00,-14
2015-08-31 01:35:00,-13
2015-08-31 01:40:00,-13
2015-08-31 01:45:00,-13
2015-08-31 01:50:00,-13
2015-08-31 01:55:00,-12
2015-08-31 02:00:00,-13
2015-08-31 02:05:00,-13
2015-08-31 02:10:00,-13
2015-08-31 02:15:00,-13
2015-08-31 02:20:00,-13
2015-08-31 02:25:00,-13
2015-08-31 02:30:00,-13
2015-08-31 02:35:00,-13
2015-08-31 02:40:00,-14
2015-08-31 02:45:00,-14
2015-08-31 02:50:00,-14
2015-08-31 02:55:00,-13
2015-08-31 03:00:00,-13
2015-08-31 03:05:00,-12
2015-08-31 03:10:00,-12
2015-08-31 03:15:00,-12
2015-08-31 03:20:00,-12
2015-08-31 03:25:00,-12
2015-08-31 03:30:00,-13
2015-08-31 03:35:00,-12
2015-08-31 03:40:00,-13
2015-08-31 03:45:00,-14
2015-08-31 03:50:00,-14
2015-08-31 03:55:00,-14
2015-08-31 04:00:00,-15
2015-08-31 04:05:00,-13
2015-08-31 04:10:00,-11
2015-08-31 04:15:00,-10
2015-08-31 04:20:00,-11
2015-08-31 04:25:00,-11
2015-08-31 04:30:00,-11
2015-08-31 04:35:00,-11
2015-08-31 04:40:00,-11
2015-08-31 04:45:00,-12
2015-08-31 04:50:00,-12
2015-08-31 04:55:00,-13
2015-08-31 05:00:00,-13
2015-08-31 05:05:00,-13
2015-08-31 05:10:00,-13
2015-08-31 05:15:00,-13
2015-08-31 05:20:00,-12
2015-08-31 05:25:00,-13
2015-08-31 05:30:00,-12
2015-08-31 05:35:00,-12
2015-08-31 05:40:00,-12
2015-08-31 05:45:00,-12
2015-08-31 05:50:00,-12
2015-08-31 05:55:00,-12
2015-08-31 06:00:00,-13
2015-08-31 06:05:00,-13
2015-08-31 06:10:00,-12
2015-08-31 06:15:00,-11
2015-08-31 06:20:00,-11
2015-08-31 06:25:00,-11
2015-08-31 06:30:00,-12
2015-08-31 06:35:00,-12
2015-08-31 06:40:00,-12
2015-08-31 06:45:00,-12
2015-08-31 06:50:00,-12
2015-08-31 06:55:00,-12
2015-08-31 07:00:00,-12
2015-08-31 07:05:00,-12
2015-08-31 07:10:00,-11
2015-08-31 07:15:00,-11
2015-08-31 07:20:00,-11
2015-08-31 07:25:00,-10
2015-08-31 07:30:00,-9
2015-08-31 07:35:00,-9
2015-08-31 07:40:00,-9
2015-08-31 07:45:00,-9
2015-08-31 07:50:00,-10
2015-08-31 07:55:00,-10
2015-08-31 08:00:00,-10
2015-08-31 08:05:00,-10
2015-08-31 08:10:00,-10
2015-08-31 08:15:00,-9
2015-08-31 08:20:00,-10
2015-08-31 08:25:00,-10
2015-08-31 08:30:00,-9
2015-08-31 08:35:00,-9
2015-08-31 08:40:00,-9
2015-08-31 08:45:00,-9
2015-08-31 08:50:00,-9
2015-08-31 08:55:00,-8
2015-08-31 09:00:00,-8
2015-08-31 09:05:00,-7
2015-08-31 09:10:00,-7
2015-08-31 09:15:00,-7
2015-08-31 09:20:00,-8
2015-08-31 09:25:00,-8
2015-08-31 09:30:00,-8
2015-08-31 09:35:00,-10
2015-08-31 09:40:00,-10
2015-08-31 09:45:00,-10
2015-08-31 09:50:00,-9
2015-08-31 09:55:00,-10
2015-08-31 10:00:00,-10
2015-08-31 10:05:00,-10
2015-08-31 10:10:00,-9
2015-08-31 10:15:00,-8
2015-08-31 10:20:00,-8
2015-08-31 10:25:00,-8
2015-08-31 10:30:00,-8
2015-08-31 10:35:00,-7
2015-08-31 10:40:00,-7
2015-08-31 10:45:00,-6
2015-08-31 10:50:00,-6
2015-08-31 10:55:00,-5
2015-08-31 11:00:00,-5
2015-08-31 11:05:00,-6
2015-08-31 11:10:00,-5
2015-08-31 11:15:00,-5
2015-08-31 11:20:00,-5
2015-08-31 11:25:00,-5
2015-08-31 11:30:00,-5
2015-08-31 11:35:00,-6
2015-08-31 11:40:00,-6
2015-08-31 11:45:00,-7
2015-08-31 11:50:00,-7
2015-08-31 11:55:00,-7
2015-08-31 12:00:00,-7
2015-08-31 12:05:00,-7
2015-08-31 12:10:00,-7
2015-08-31 12:15:00,-7
2015-08-31 12:20:00,-7
2015-08-31 12:25:00,-7
2015-08-31 12:30:00,-7
2015-08-31 12:35:00,-6
2015-08-31 12:40:00,-6
2015-08-31 12:45:00,-6
2015-08-31 12:50:00,-6
2015-08-31 12:55:00,-6
2015-08-31 13:00:00,-6
2015-08-31 13:05:00,-6
2015-08-31 13:10:00,-6
2015-08-31 13:15:00,-5
2015-08-31 13:20:00,-5
2015-08-31 13:25:00,-4
2015-08-31 13:30:00,-4
2015-08-31 13:35:00,-3
2015-08-31 13:40:00,-3
2015-08-31 13:45:00,-4
2015-08-31 13:50:00,-4
2015-08-31 13:55:00,-4
2015-08-31 14:00:00,-3
2015-08-31 14:05:00,-3
2015-08-31 14:10:00,-3
2015-08-31 14:15:00,-2
2015-08-31 14:20:00,-3
2015-08-31 14:25:00,-3
2015-08-31 14:30:00,-4
2015-08-31 14:35:00,-4
2015-08-31 14:40:00,-3
2015-08-31 14:45:00,-3
2015-08-31 14:50:00,-3
2015-08-31 14:55:00,-3
2015-08-31 15:00:00,-3
2015-08-31 15:05:00,-2
2015-08-31 15:10:00,-2
2015-08-31 15:15:00,-2
2015-08-31 15:20:00,-2
2015-08-31 15:25:00,-3
2015-08-31 15:30:00,-3
2015-08-31 15:35:00,-4
2015-08-31 15:40:00,-4
2015-08-31 15:45:00,-5
2015-08-31 15:50:00,-4
2015-08-31 15:55:00,-4
2015-08-31 16:00:00,-5
2015-08-31 16:05:00,-6
2015-08-31 16:10:00,-7
2015-08-31 16:15:00,-7
2015-08-31 16:20:00,-7
2015-08-31 16:25:00,-8
2015-08-31 16:30:00,-8
2015-08-31 16:35:00,-9
2015-08-31 16:40:00,-9
2015-08-31 16:45:00,-10
2015-08-31 16:50:00,-10
2015-08-31 16:55:00,-10
2015-08-31 17:00:00,-10
2015-08-31 17:05:00,-11
2015-08-31 17:10:00,-12
2015-08-31 17:15:00,-13
2015-08-31 17:20:00,-13
2015-08-31 17:25:00,-12
2015-08-31 17:30:00,-12
2015-08-31 17:35:00,-11
2015-08-31 17:40:00,-12
2015-08-31 17:45:00,-12
2015-08-31 17:50:00,-12
2015-08-31 17:55:00,-12
2015-08-31 18:00:00,-11
2015-08-31 18:05:00,-12
2015-08-31 18:10:00,-12
2015-08-31 18:15:00,-11
2015-08-31 18:20:00,-10
2015-08-31 18:25:00,-10
2015-08-31 18:30:00,-10
2015-08-31 18:35:00,-10
2015-08-31 18:40:00,-10
2015-08-31 18:45:00,-11
2015-08-31 18:50:00,-10
2015-08-31 18:55:00,-11
2015-08-31 19:00:00,-11
2015-08-31 19:05:00,-11
2015-08-31 19:10:00,-12
2015-08-31 19:15:00,-14
2015-08-31 19:20:00,-14
2015-08-31 19:25:00,-14
2015-08-31 19:30:00,-14
2015-08-31 19:35:00,-14
2015-08-31 19:40:00,-13
2015-08-31 19:45:00,-13
2015-08-31 19:50:00,-13
2015-08-31 19:55:00,-11
2015-08-31 20:00:00,-10
2015-08-31 20:05:00,-10
2015-08-31 20:10:00,-9
2015-08-31 20:15:00,-8
2015-08-31 20:20:00,-7
2015-08-31 20:25:00,-6
2015-08-31 20:30:00,-6
2015-08-31 20:35:00,-5
2015-08-31 20:40:00,-3
2015-08-31 20:45:00,-3
2015-08-31 20:50:00,-3
2015-08-31 20:55:00,-3
2015-08-31 21:00:00,-4
2015-08-31 21:05:00,-4
2015-08-31 21:10:00,-5
2015-08-31 21:15:00,-5
2015-08-31 21:20:00,-6
2015-08-31 21:25:00,-7
2015-08-31 21:30:00,-6
2015-08-31 21:35:00,-7
2015-08-31 21:40:00,-8
2015-08-31 21:45:00,-7
2015-08-31 21:50:00,-6
2015-08-31 21:55:00,-6
2015-08-31 22:00:00,-6
2015-08-31 22:05:00,-6
2015-08-31 22:10:00,-6
2015-08-31 22:15:00,-7
2015-08-31 22:20:00,-6
2015-08-31 22:25:00,-6
2015-08-31 22:30:00,-6
2015-08-31 22:35:00,-6
2015-08-31 22:40:00,-6
2015-08-31 22:45:00,-6
2015-08-31 22:50:00,-7
2015-08-31 22:55:00,-8
2015-08-31 23:00:00,-7
2015-08-31 23:05:00,-6
2015-08-31 23:10:00,-4
2015-08-31 23:15:00,-3
2015-08-31 23:20:00,-4
2015-08-31 23:25:00,-4
2015-08-31 23:30:00,-5
2015-08-31 23:35:00,-4
2015-08-31 23:40:00,-3
2015-08-31 23:45:00,-2
2015-08-31 23:50:00,-3
2015-08-31 23:55:00,-3
2015-09-01 00:00:00,-5
2015-09-01 00:05:00,-5
2015-09-01 00:10:00,-4
2015-09-01 00:15:00,-3
2015-09-01 00:20:00,-3
2015-09-01 00:25:00,-4
2015-09-01 00:30:00,-4
2015-09-01 00:35:00,-4
2015-09-01 00:40:00,-4
2015-09-01 00:45:00,-3
2015-09-01 00:50:00,-2
2015-09-01 00:55:00,-2
2015-09-01 01:00:00,-3
2015-09-01 01:05:00,-2
2015-09-01 01:10:00,1
2015-09-01 01:15:00,1
2015-09-01 01:20:00,0
2015-09-01 01:25:00,0
2015-09-01 01:30:00,0
2015-09-01 01:35:00,1
2015-09-01 01:40:00,1
2015-09-01 01:45:00,1
2015-09-01 01:50:00,1
2015-09-01 01:55:00,1
2015-09-01 02:00:00,1
2015-09-01 02:05:00,2
2015-09-01 02:10:00,3
2015-09-01 02:15:00,2
2015-09-01 02:20:00,3
2015-09-01 02:25:00,3
2015-09-01 02:30:00,3
2015-09-01 02:35:00,3
2015-09-01 02:40:00,3
2015-09-01 02:45:00,2
2015-09-01 02:50:00,2
2015-09-01 02:55:00,2
2015-09-01 03:00:00,3
2015-09-01 03:05:00,3
2015-09-01 03:10:00,4
2015-09-01 03:15:00,3
2015-09-01 03:20:00,3
2015-09-01 03:25:00,2
2015-09-01 03:30:00,2
2015-09-01 03:35:00,1
2015-09-01 03:40:00,1
2015-09-01 03:45:00,-1
2015-09-01 03:50:00,-2
2015-09-01 03:55:00,-1
2015-09-01 04:00:00,-1
2015-09-01 04:05:00,-1
2015-09-01 04:10:00,-2
2015-09-01 04:15:00,-2
2015-09-01 04:20:00,-3
2015-09-01 04:25:00,-4
2015-09-01 04:30:00,-5
2015-09-01 04:35:00,-5
2015-09-01 04:40:00,-5
2015-09-01 04:45:00,-5
2015-09-01 04:50:00,-5
2015-09-01 04:55:00,-5
2015-09-01 05:00:00,-5
2015-09-01 05:05:00,-4
2015-09-01 05:10:00,-4
2015-09-01 05:15:00,-3
2015-09-01 05:20:00,-3
2015-09-01 05:25:00,-3
2015-09-01 05:30:00,-3
2015-09-01 05:35:00,-4
2015-09-01 05:40:00,-5
2015-09-01 05:45:00,-4
2015-09-01 05:50:00,-6
2015-09-01 05:55:00,-7
2015-09-01 06:00:00,-6
2015-09-01 06:05:00,-6
2015-09-01 06:10:00,-5
2015-09-01 06:15:00,-5
2015-09-01 06:20:00,-4
2015-09-01 06:25:00,-4
2015-09-01 06:30:00,-4
2015-09-01 06:35:00,-4
2015-09-01 06:40:00,-5
2015-09-01 06:45:00,-5
2015-09-01 06:50:00,-6
2015-09-01 06:55:00,-6
2015-09-01 07:00:00,-6
2015-09-01 07:05:00,-6
2015-09-01 07:10:00,-7
2015-09-01 07:15:00,-7
2015-09-01 07:20:00,-7
2015-09-01 07:25:00,-6
2015-09-01 07:30:00,-6
2015-09-01 07:35:00,-6
2015-09-01 07:40:00,-5
2015-09-01 07:45:00,-5
2015-09-01 07:50:00,-5
2015-09-01 07:55:00,-5
2015-09-01 08:00:00,-5
2015-09-01 08:05:00,-4
2015-09-01 08:10:00,-4
2015-09-01 08:15:00,-5
2015-09-01 08:20:00,-4
2015-09-01 08:25:00,-3
2015-09-01 08:30:00,-3
2015-09-01 08:35:00,-4
2015-09-01 08:40:00,-4
2015-09-01 08:45:00,-4
2015-09-01 08:50:00,-4
2015-09-01 08:55:00,-3
2015-09-01 09:00:00,-3
2015-09-01 09:05:00,-3
2015-09-01 09:10:00,-3
2015-09-01 09:15:00,-3
2015-09-01 09:20:00,-3
2015-09-01 09:25:00,-3
2015-09-01 09:30:00,-3
2015-09-01 09:35:00,-3
2015-09-01 09:40:00,-2
2015-09-01 09:45:00,-2
2015-09-01 09:50:00,-2
2015-09-01 09:55:00,-2
2015-09-01 10:00:00,-2
2015-09-01 10:05:00,-2
2015-09-01 10:10:00,-2
2015-09-01 10:15:00,-2
2015-09-01 10:20:00,-2
2015-09-01 10:25:00,-2
2015-09-01 10:30:00,-2
2015-09-01 10:35:00,-2
2015-09-01 10:40:00,-3
2015-09-01 10:45:00,-4
2015-09-01 10:50:00,-5
2015-09-01 10:55:00,-5
2015-09-01 11:00:00,-6
2015-09-01 11:05:00,-6
2015-09-01 11:10:00,-6
2015-09-01 11:15:00,-7
2015-09-01 11:20:00,-7
2015-09-01 11:25:00,-6
2015-09-01 11:30:00,-6
2015-09-01 11:35:00,-5
2015-09-01 11:40:00,-5
2015-09-01 11:45:00,-4
2015-09-01 11:50:00,-3
2015-09-01 11:55:00,-3
2015-09-01 12:00:00,-3
2015-09-01 12:05:00,-3
2015-09-01 12:10:00,-3
2015-09-01 12:15:00,-4
2015-09-01 12:20:00,-4
2015-09-01 12:25:00,-5
2015-09-01 12:30:00,-6
2015-09-01 12:35:00,-6
2015-09-01 12:40:00,-5
2015-09-01 12:45:00,-6
2015-09-01 12:50:00,-6
2015-09-01 12:55:00,-7
2015-09-01 13:00:00,-8
2015-09-01 13:05:00,-8
2015-09-01 13:10:00,-8
2015-09-01 13:15:00,-9
2015-09-01 13:20:00,-9
2015-09-01 13:25:00,-9
2015-09-01 13:30:00,-9
2015-09-01 13:35:00,-9
2015-09-01 13:40:00,-9
2015-09-01 13:45:00,-9
2015-09-01 13:50:00,-9
2015-09-01 13:55:00,-9
2015-09-01 14:00:00,-9
2015-09-01 14:05:00,-10
2015-09-01 14:10:00,-10
2015-09-01 14:15:00,-10
2015-09-01 14:20:00,-10
2015-09-01 14:25:00,-10
2015-09-01 14:30:00,-10
2015-09-01 14:35:00,-10
2015-09-01 14:40:00,-10
2015-09-01 14:45:00,-10
2015-09-01 14:50:00,-10
2015-09-01 14:55:00,-10
2015-09-01 15:00:00,-9
2015-09-01 15:05:00,-10
2015-09-01 15:10:00,-10
2015-09-01 15:15:00,-10
2015-09-01 15:20:00,-11
2015-09-01 15:25:00,-11
2015-09-01 15:30:00,-11
2015-09-01 15:35:00,-11
2015-09-01 15:40:00,-10
2015-09-01 15:45:00,-9
2015-09-01 15:50:00,-9
2015-09-01 15:55:00,-9
2015-09-01 16:00:00,-8
2015-09-01 16:05:00,-8
2015-09-01 16:10:00,-8
2015-09-01 16:15:00,-8
2015-09-01 16:20:00,-7
2015-09-01 16:25:00,-6
2015-09-01 16:30:00,-6
2015-09-01 16:35:00,-6
2015-09-01 16:40:00,-6
2015-09-01 16:45:00,-6
2015-09-01 16:50:00,-6
2015-09-01 16:55:00,-6
2015-09-01 17:00:00,-5
2015-09-01 17:05:00,-5
2015-09-01 17:10:00,-5
2015-09-01 17:15:00,-5
2015-09-01 17:20:00,-4
2015-09-01 17:25:00,-4
2015-09-01 17:30:00,-4
2015-09-01 17:35:00,-4
2015-09-01 17:40:00,-4
2015-09-01 17:45:00,-4
2015-09-01 17:50:00,-3
2015-09-01 17:55:00,-3
2015-09-01 18:00:00,-3
2015-09-01 18:05:00,-3
2015-09-01 18:10:00,-2
2015-09-01 18:15:00,-3
2015-09-01 18:20:00,-3
2015-09-01 18:25:00,-4
2015-09-01 18:30:00,-5
2015-09-01 18:35:00,-5
2015-09-01 18:40:00,-4
2015-09-01 18:45:00,-3
2015-09-01 18:50:00,-3
2015-09-01 18:55:00,-2
2015-09-01 19:00:00,-3
2015-09-01 19:05:00,-3
2015-09-01 19:10:00,-2
2015-09-01 19:15:00,0
2015-09-01 19:20:00,0
2015-09-01 19:25:00,0
2015-09-01 19:30:00,1
2015-09-01 19:35:00,0
2015-09-01 19:40:00,-1
2015-09-01 19:45:00,-1
2015-09-01 19:50:00,-2
2015-09-01 19:55:00,-1
2015-09-01 20:00:00,-1
2015-09-01 20:05:00,-1
2015-09-01 20:10:00,-1
2015-09-01 20:15:00,-1
2015-09-01 20:20:00,0
2015-09-01 20:25:00,1
2015-09-01 20:30:00,1
2015-09-01 20:35:00,0
2015-09-01 20:40:00,1
2015-09-01 20:45:00,1
2015-09-01 20:50:00,2
2015-09-01 20:55:00,1
2015-09-01 21:00:00,1
2015-09-01 21:05:00,1
2015-09-01 21:10:00,-1
2015-09-01 21:15:00,-2
2015-09-01 21:20:00,-2
2015-09-01 21:25:00,-2
2015-09-01 21:30:00,-2
2015-09-01 21:35:00,-3
2015-09-01 21:40:00,-3
2015-09-01 21:45:00,-3
2015-09-01 21:50:00,-3
2015-09-01 21:55:00,-2
2015-09-01 22:00:00,-3
2015-09-01 22:05:00,-3
2015-09-01 22:10:00,-2
2015-09-01 22:15:00,0
2015-09-01 22:20:00,1
2015-09-01 22:25:00,1
2015-09-01 22:30:00,1
2015-09-01 22:35:00,0
2015-09-01 22:40:00,0
2015-09-01 22:45:00,0
2015-09-01 22:50:00,0
2015-09-01 22:55:00,0
2015-09-01 23:00:00,0
2015-09-01 23:05:00,0
2015-09-01 23:10:00,0
2015-09-01 23:15:00,1
2015-09-01 23:20:00,2
2015-09-01 23:25:00,2
2015-09-01 23:30:00,2
2015-09-01 23:35:00,3
2015-09-01 23:40:00,3
2015-09-01 23:45:00,3
2015-09-01 23:50:00,4
2015-09-01 23:55:00,3
2015-09-02 00:00:00,3
2015-09-02 00:05:00,3
2015-09-02 00:10:00,3
2015-09-02 00:15:00,3
2015-09-02 00:20:00,3
2015-09-02 00:25:00,3
2015-09-02 00:30:00,2
2015-09-02 00:35:00,2
2015-09-02 00:40:00,2
2015-09-02 00:45:00,3
2015-09-02 00:50:00,3
2015-09-02 00:55:00,3
2015-09-02 01:00:00,3
2015-09-02 01:05:00,4
2015-09-02 01:10:00,4
2015-09-02 01:15:00,4
2015-09-02 01:20:00,3
2015-09-02 01:25:00,2
2015-09-02 01:30:00,2
2015-09-02 01:35:00,2
2015-09-02 01:40:00,2
2015-09-02 01:45:00,3
2015-09-02 01:50:00,3
2015-09-02 01:55:00,1
2015-09-02 02:00:00,1
2015-09-02 02:05:00,1
2015-09-02 02:10:00,-1
2015-09-02 02:15:00,-2
2015-09-02 02:20:00,-3
2015-09-02 02:25:00,-4
2015-09-02 02:30:00,-4
2015-09-02 02:35:00,-3
2015-09-02 02:40:00,-2
2015-09-02 02:45:00,-2
2015-09-02 02:50:00,-2
2015-09-02 02:55:00,-2
2015-09-02 03:00:00,-2
2015-09-02 03:05:00,-2
2015-09-02 03:10:00,-3
2015-09-02 03:15:00,-2
2015-09-02 03:20:00,-2
2015-09-02 03:25:00,-1
2015-09-02 03:30:00,0
2015-09-02 03:35:00,0
2015-09-02 03:40:00,0
2015-09-02 03:45:00,0
2015-09-02 03:50:00,0
2015-09-02 03:55:00,0
2015-09-02 04:00:00,1
2015-09-02 04:05:00,1
2015-09-02 04:10:00,1
2015-09-02 04:15:00,1
2015-09-02 04:20:00,0
2015-09-02 04:25:00,0
2015-09-02 04:30:00,-1
2015-09-02 04:35:00,0
2015-09-02 04:40:00,0
2015-09-02 04:45:00,-1
2015-09-02 04:50:00,-2
2015-09-02 04:55:00,-1
2015-09-02 05:00:00,-1
2015-09-02 05:05:00,-2
2015-09-02 05:10:00,-3
2015-09-02 05:15:00,-3
2015-09-02 05:20:00,-3
2015-09-02 05:25:00,-3
2015-09-02 05:30:00,-3
2015-09-02 05:35:00,-4
2015-09-02 05:40:00,-3
2015-09-02 05:45:00,-3
2015-09-02 05:50:00,-3
2015-09-02 05:55:00,-4
2015-09-02 06:00:00,-4
2015-09-02 06:05:00,-4
2015-09-02 06:10:00,-4
2015-09-02 06:15:00,-4
2015-09-02 06:20:00,-4
2015-09-02 06:25:00,-4
2015-09-02 06:30:00,-3
2015-09-02 06:35:00,-2
2015-09-02 06:40:00,-3
2015-09-02 06:45:00,-4
2015-09-02 06:50:00,-5
2015-09-02 06:55:00,-6
2015-09-02 07:00:00,-5
2015-09-02 07:05:00,-4
2015-09-02 07:10:00,-2
2015-09-02 07:15:00,0
2015-09-02 07:20:00,-1
2015-09-02 07:25:00,-4
2015-09-02 07:30:00,-4
2015-09-02 07:35:00,-4
2015-09-02 07:40:00,-3
2015-09-02 07:45:00,-4
2015-09-02 07:50:00,-3
2015-09-02 07:55:00,-3
2015-09-02 08:00:00,-2
2015-09-02 08:05:00,-3
2015-09-02 08:10:00,-3
2015-09-02 08:15:00,-2
2015-09-02 08:20:00,-2
2015-09-02 08:25:00,-2
2015-09-02 08:30:00,-2
2015-09-02 08:35:00,-2
2015-09-02 08:40:00,-2
2015-09-02 08:45:00,-2
2015-09-02 08:50:00,-2
2015-09-02 08:55:00,-2
2015-09-02 09:00:00,-2
2015-09-02 09:05:00,-1
2015-09-02 09:10:00,-1
2015-09-02 09:15:00,0
2015-09-02 09:20:00,1
2015-09-02 09:25:00,1
2015-09-02 09:30:00,1
2015-09-02 09:35:00,1
2015-09-02 09:40:00,1
2015-09-02 09:45:00,0
2015-09-02 09:50:00,0
2015-09-02 09:55:00,0
2015-09-02 10:00:00,0
2015-09-02 10:05:00,0
2015-09-02 10:10:00,-1
2015-09-02 10:15:00,-1
2015-09-02 10:20:00,0
2015-09-02 10:25:00,0
2015-09-02 10:30:00,1
2015-09-02 10:35:00,1
2015-09-02 10:40:00,2
2015-09-02 10:45:00,3
2015-09-02 10:50:00,3
2015-09-02 10:55:00,2
2015-09-02 11:00:00,2
2015-09-02 11:05:00,2
2015-09-02 11:10:00,3
2015-09-02 11:15:00,3
2015-09-02 11:20:00,2
2015-09-02 11:25:00,2
2015-09-02 11:30:00,2
2015-09-02 11:35:00,2
2015-09-02 11:40:00,2
2015-09-02 11:45:00,1
2015-09-02 11:50:00,1
2015-09-02 11:55:00,1
2015-09-02 12:00:00,1
2015-09-02 12:05:00,0
2015-09-02 12:10:00,0
2015-09-02 12:15:00,-1
2015-09-02 12:20:00,-2
2015-09-02 12:25:00,-2
2015-09-02 12:30:00,-3
2015-09-02 12:35:00,-3
2015-09-02 12:40:00,-4
2015-09-02 12:45:00,-4
2015-09-02 12:50:00,-4
2015-09-02 12:55:00,-4
2015-09-02 13:00:00,-5
2015-09-02 13:05:00,-4
2015-09-02 13:10:00,-4
2015-09-02 13:15:00,-4
2015-09-02 13:20:00,-4
2015-09-02 13:25:00,-2
2015-09-02 13:30:00,-1
2015-09-02 13:35:00,-1
2015-09-02 13:40:00,-1
2015-09-02 13:45:00,-1
2015-09-02 13:50:00,0
2015-09-02 13:55:00,0
2015-09-02 14:00:00,0
2015-09-02 14:05:00,-1
2015-09-02 14:10:00,-3
2015-09-02 14:15:00,-4
2015-09-02 14:20:00,-5
2015-09-02 14:25:00,-5
2015-09-02 14:30:00,-6
2015-09-02 14:35:00,-6
2015-09-02 14:40:00,-6
2015-09-02 14:45:00,-6
2015-09-02 14:50:00,-7
2015-09-02 14:55:00,-7
2015-09-02 15:00:00,-9
2015-09-02 15:05:00,-8
2015-09-02 15:10:00,-8
2015-09-02 15:15:00,-7
2015-09-02 15:20:00,-4
2015-09-02 15:25:00,-3
2015-09-02 15:30:00,-4
2015-09-02 15:35:00,-4
2015-09-02 15:40:00,-3
2015-09-02 15:45:00,-3
2015-09-02 15:50:00,-2
2015-09-02 15:55:00,-1
2015-09-02 16:00:00,0
2015-09-02 16:05:00,1
2015-09-02 16:10:00,1
2015-09-02 16:15:00,0
2015-09-02 16:20:00,1
2015-09-02 16:25:00,2
2015-09-02 16:30:00,0
2015-09-02 16:35:00,0
2015-09-02 16:40:00,1
2015-09-02 16:45:00,6
2015-09-02 16:50:00,9
2015-09-02 16:55:00,9
2015-09-02 17:00:00,8
2015-09-02 17:05:00,8
2015-09-02 17:10:00,8
2015-09-02 17:15:00,8
2015-09-02 17:20:00,7
2015-09-02 17:25:00,6
2015-09-02 17:30:00,5
2015-09-02 17:35:00,3
2015-09-02 17:40:00,0
2015-09-02 17:45:00,0
2015-09-02 17:50:00,2
2015-09-02 17:55:00,-7
2015-09-02 18:00:00,-12
2015-09-02 18:05:00,-11
2015-09-02 18:10:00,-10
2015-09-02 18:15:00,-10
2015-09-02 18:20:00,-11
2015-09-02 18:25:00,-10
2015-09-02 18:30:00,-9
2015-09-02 18:35:00,-9
2015-09-02 18:40:00,-9
2015-09-02 18:45:00,-9
2015-09-02 18:50:00,-9
2015-09-02 18:55:00,-8
2015-09-02 19:00:00,-8
2015-09-02 19:05:00,-6
2015-09-02 19:10:00,-6
2015-09-02 19:15:00,-6
2015-09-02 19:20:00,-6
2015-09-02 19:25:00,-7
2015-09-02 19:30:00,-6
2015-09-02 19:35:00,-5
2015-09-02 19:40:00,-4
2015-09-02 19:45:00,-4
2015-09-02 19:50:00,-4
2015-09-02 19:55:00,-4
2015-09-02 20:00:00,-4
2015-09-02 20:05:00,-4
2015-09-02 20:10:00,-4
2015-09-02 20:15:00,-4
2015-09-02 20:20:00,-4
2015-09-02 20:25:00,-4
2015-09-02 20:30:00,-4
2015-09-02 20:35:00,-4
2015-09-02 20:40:00,-5
2015-09-02 20:45:00,-5
2015-09-02 20:50:00,-5
2015-09-02 20:55:00,-5
2015-09-02 21:00:00,-5
2015-09-02 21:05:00,-6
2015-09-02 21:10:00,-6
2015-09-02 21:15:00,-6
2015-09-02 21:20:00,-6
2015-09-02 21:25:00,-6
2015-09-02 21:30:00,-6
2015-09-02 21:35:00,-6
2015-09-02 21:40:00,-6
2015-09-02 21:45:00,-7
2015-09-02 21:50:00,-8
2015-09-02 21:55:00,-9
2015-09-02 22:00:00,-9
2015-09-02 22:05:00,-8
2015-09-02 22:10:00,-9
2015-09-02 22:15:00,-11
2015-09-02 22:20:00,-12
2015-09-02 22:25:00,-12
2015-09-02 22:30:00,-12
2015-09-02 22:35:00,-12
2015-09-02 22:40:00,-13
2015-09-02 22:45:00,-13
2015-09-02 22:50:00,-14
2015-09-02 22:55:00,-14
2015-09-02 23:00:00,-14
2015-09-02 23:05:00,-14
2015-09-02 23:10:00,-15
2015-09-02 23:15:00,-14
2015-09-02 23:20:00,-14
2015-09-02 23:25:00,-15
2015-09-02 23:30:00,-15
2015-09-02 23:35:00,-14
2015-09-02 23:40:00,-15
2015-09-02 23:45:00,-15
2015-09-02 23:50:00,-14
2015-09-02 23:55:00,-14
2015-09-03 00:00:00,-14
2015-09-03 00:05:00,-14
2015-09-03 00:10:00,-14
2015-09-03 00:15:00,-14
2015-09-03 00:20:00,-14
2015-09-03 00:25:00,-14
2015-09-03 00:30:00,-14
2015-09-03 00:35:00,-14
2015-09-03 00:40:00,-13
2015-09-03 00:45:00,-14
2015-09-03 00:50:00,-13
2015-09-03 00:55:00,-13
2015-09-03 01:00:00,-13
2015-09-03 01:05:00,-12
2015-09-03 01:10:00,-11
2015-09-03 01:15:00,-11
2015-09-03 01:20:00,-11
2015-09-03 01:25:00,-11
2015-09-03 01:30:00,-10
2015-09-03 01:35:00,-10
2015-09-03 01:40:00,-10
2015-09-03 01:45:00,-10
2015-09-03 01:50:00,-10
2015-09-03 01:55:00,-10
2015-09-03 02:00:00,-10
2015-09-03 02:05:00,-10
2015-09-03 02:10:00,-11
2015-09-03 02:15:00,-11
2015-09-03 02:20:00,-10
2015-09-03 02:25:00,-10
2015-09-03 02:30:00,-9
2015-09-03 02:35:00,-9
2015-09-03 02:40:00,-10
2015-09-03 02:45:00,-10
2015-09-03 02:50:00,-11
2015-09-03 02:55:00,-11
2015-09-03 03:00:00,-11
2015-09-03 03:05:00,-11
2015-09-03 03:10:00,-10
2015-09-03 03:15:00,-10
2015-09-03 03:20:00,-11
2015-09-03 03:25:00,-11
2015-09-03 03:30:00,-11
2015-09-03 03:35:00,-10
2015-09-03 03:40:00,-8
2015-09-03 03:45:00,-9
2015-09-03 03:50:00,-9
2015-09-03 03:55:00,-9
2015-09-03 04:00:00,-10
2015-09-03 04:05:00,-9
2015-09-03 04:10:00,-9
2015-09-03 04:15:00,-8
2015-09-03 04:20:00,-8
2015-09-03 04:25:00,-8
2015-09-03 04:30:00,-7
2015-09-03 04:35:00,-6
2015-09-03 04:40:00,-6
2015-09-03 04:45:00,-4
2015-09-03 04:50:00,-5
2015-09-03 04:55:00,-6
2015-09-03 05:00:00,-6
2015-09-03 05:05:00,-7
2015-09-03 05:10:00,-9
2015-09-03 05:15:00,-10
2015-09-03 05:20:00,-12
2015-09-03 05:25:00,-13
2015-09-03 05:30:00,-13
2015-09-03 05:35:00,-15
2015-09-03 05:40:00,-16
2015-09-03 05:45:00,-16
2015-09-03 05:50:00,-15
2015-09-03 05:55:00,-16
2015-09-03 06:00:00,-16
2015-09-03 06:05:00,-15
2015-09-03 06:10:00,-15
2015-09-03 06:15:00,-15
2015-09-03 06:20:00,-14
2015-09-03 06:25:00,-14
2015-09-03 06:30:00,-14
2015-09-03 06:35:00,-13
2015-09-03 06:40:00,-13
2015-09-03 06:45:00,-12
2015-09-03 06:50:00,-12
2015-09-03 06:55:00,-12
2015-09-03 07:00:00,-11
2015-09-03 07:05:00,-11
2015-09-03 07:10:00,-10
2015-09-03 07:15:00,-10
2015-09-03 07:20:00,-10
2015-09-03 07:25:00,-10
2015-09-03 07:30:00,-10
2015-09-03 07:35:00,-10
2015-09-03 07:40:00,-10
2015-09-03 07:45:00,-10
2015-09-03 07:50:00,-10
2015-09-03 07:55:00,-10
2015-09-03 08:00:00,-10
2015-09-03 08:05:00,-9
2015-09-03 08:10:00,-10
2015-09-03 08:15:00,-10
2015-09-03 08:20:00,-10
2015-09-03 08:25:00,-9
2015-09-03 08:30:00,-9
2015-09-03 08:35:00,-9
2015-09-03 08:40:00,-9
2015-09-03 08:45:00,-9
2015-09-03 08:50:00,-9
2015-09-03 08:55:00,-9
2015-09-03 09:00:00,-9
2015-09-03 09:05:00,-9
2015-09-03 09:10:00,-8
2015-09-03 09:15:00,-8
2015-09-03 09:20:00,-8
2015-09-03 09:25:00,-7
2015-09-03 09:30:00,-7
2015-09-03 09:35:00,-6
2015-09-03 09:40:00,-6
2015-09-03 09:45:00,-6
2015-09-03 09:50:00,-6
2015-09-03 09:55:00,-5
2015-09-03 10:00:00,-6
2015-09-03 10:05:00,-6
2015-09-03 10:10:00,-6
2015-09-03 10:15:00,-6
2015-09-03 10:20:00,-7
2015-09-03 10:25:00,-7
2015-09-03 10:30:00,-8
2015-09-03 10:35:00,-7
2015-09-03 10:40:00,-8
2015-09-03 10:45:00,-7
2015-09-03 10:50:00,-7
2015-09-03 10:55:00,-5
2015-09-03 11:00:00,-4
2015-09-03 11:05:00,-3
2015-09-03 11:10:00,-1
2015-09-03 11:15:00,-1
2015-09-03 11:20:00,-3
2015-09-03 11:25:00,-2
2015-09-03 11:30:00,-4
2015-09-03 11:35:00,-5
2015-09-03 11:40:00,-6
2015-09-03 11:45:00,-3
2015-09-03 11:50:00,-3
2015-09-03 11:55:00,-3
2015-09-03 12:00:00,-3
2015-09-03 12:05:00,-4
2015-09-03 12:10:00,-5
2015-09-03 12:15:00,-5
2015-09-03 12:20:00,-5
2015-09-03 12:25:00,-6
2015-09-03 12:30:00,-4
2015-09-03 12:35:00,-5
2015-09-03 12:40:00,-5
2015-09-03 12:45:00,-5
2015-09-03 12:50:00,-6
2015-09-03 12:55:00,-6
2015-09-03 13:00:00,-6
2015-09-03 13:05:00,-6
2015-09-03 13:10:00,-6
2015-09-03 13:15:00,-5
2015-09-03 13:20:00,-5
2015-09-03 13:25:00,-6
2015-09-03 13:30:00,-5
2015-09-03 13:35:00,-6
2015-09-03 13:40:00,-7
2015-09-03 13:45:00,-8
2015-09-03 13:50:00,-7
2015-09-03 13:55:00,-7
2015-09-03 14:00:00,-7
2015-09-03 14:05:00,-6
2015-09-03 14:10:00,-6
2015-09-03 14:15:00,-5
2015-09-03 14:20:00,-4
2015-09-03 14:25:00,-4
2015-09-03 14:30:00,-4
2015-09-03 14:35:00,-4
2015-09-03 14:40:00,-3
2015-09-03 14:45:00,-2
2015-09-03 14:50:00,-3
2015-09-03 14:55:00,-3
2015-09-03 15:00:00,-4
2015-09-03 15:05:00,-5
2015-09-03 15:10:00,-5
2015-09-03 15:15:00,-5
2015-09-03 15:20:00,-6
2015-09-03 15:25:00,-6
2015-09-03 15:30:00,-5
2015-09-03 15:35:00,-5
2015-09-03 15:40:00,-4
2015-09-03 15:45:00,-5
2015-09-03 15:50:00,-5
2015-09-03 15:55:00,-4
2015-09-03 16:00:00,-3
2015-09-03 16:05:00,-2
2015-09-03 16:10:00,-4
2015-09-03 16:15:00,-3
2015-09-03 16:20:00,-1
2015-09-03 16:25:00,0
2015-09-03 16:30:00,0
2015-09-03 16:35:00,0
2015-09-03 16:40:00,0
2015-09-03 16:45:00,0
2015-09-03 16:50:00,2
2015-09-03 16:55:00,3
2015-09-03 17:00:00,3
2015-09-03 17:05:00,4
2015-09-03 17:10:00,4
2015-09-03 17:15:00,4
2015-09-03 17:20:00,5
2015-09-03 17:25:00,4
2015-09-03 17:30:00,3
2015-09-03 17:35:00,3
2015-09-03 17:40:00,2
2015-09-03 17:45:00,4
2015-09-03 17:50:00,4
2015-09-03 17:55:00,5
2015-09-03 18:00:00,5
2015-09-03 18:05:00,6
2015-09-03 18:10:00,7
2015-09-03 18:15:00,5
2015-09-03 18:20:00,3
2015-09-03 18:25:00,0
2015-09-03 18:30:00,-2
2015-09-03 18:35:00,0
2015-09-03 18:40:00,1
2015-09-03 18:45:00,2
2015-09-03 18:50:00,3
2015-09-03 18:55:00,4
2015-09-03 19:00:00,3
2015-09-03 19:05:00,3
2015-09-03 19:10:00,4
2015-09-03 19:15:00,3
2015-09-03 19:20:00,2
2015-09-03 19:25:00,2
2015-09-03 19:30:00,1
2015-09-03 19:35:00,1
2015-09-03 19:40:00,0
2015-09-03 19:45:00,0
2015-09-03 19:50:00,0
2015-09-03 19:55:00,0
2015-09-03 20:00:00,0
2015-09-03 20:05:00,2
2015-09-03 20:10:00,3
2015-09-03 20:15:00,3
2015-09-03 20:20:00,4
2015-09-03 20:25:00,4
2015-09-03 20:30:00,3
2015-09-03 20:35:00,3
2015-09-03 20:40:00,5
2015-09-03 20:45:00,6
2015-09-03 20:50:00,3
2015-09-03 20:55:00,2
2015-09-03 21:00:00,4
2015-09-03 21:05:00,7
2015-09-03 21:10:00,6
2015-09-03 21:15:00,5
2015-09-03 21:20:00,6
2015-09-03 21:25:00,5
2015-09-03 21:30:00,5
2015-09-03 21:35:00,6
2015-09-03 21:40:00,6
2015-09-03 21:45:00,5
2015-09-03 21:50:00,5
2015-09-03 21:55:00,4
2015-09-03 22:00:00,7
2015-09-03 22:05:00,5
2015-09-03 22:10:00,2
2015-09-03 22:15:00,3
2015-09-03 22:20:00,4
2015-09-03 22:25:00,3
2015-09-03 22:30:00,1
2015-09-03 22:35:00,1
2015-09-03 22:40:00,1
2015-09-03 22:45:00,-1
2015-09-03 22:50:00,-2
2015-09-03 22:55:00,-2
2015-09-03 23:00:00,-1
2015-09-03 23:05:00,-1
2015-09-03 23:10:00,-3
2015-09-03 23:15:00,-4
2015-09-03 23:20:00,-6
2015-09-03 23:25:00,-8
2015-09-03 23:30:00,-12
2015-09-03 23:35:00,-13
2015-09-03 23:40:00,-15
2015-09-03 23:45:00,-14
2015-09-03 23:50:00,-15
2015-09-03 23:55:00,-17
2015-09-04 00:00:00,-19
